Timesteps,MAPPO (ƛ = 0),MAPPO (ƛ = 0.05),MAPPO (ƛ = 0.10),MAPPO (ƛ = 0) (std),MAPPO (ƛ = 0.05) (std),MAPPO (ƛ = 0.10) (std)
0,1.359375,0.9375,1.125,0.2209708691207961,0.2209708691207961,0.2209708691207961
10000,1.671875,1.25,1.5,0.2209708691207961,0.2209708691207961,0.2651650429449553
20000,2.5625,2.5625,3.3125,0.6242834434039825,0.8622584202739533,1.1698245951138715
30000,2.3125,3.3125,2.5,0.5567559730633042,1.1149726734319545,0.9900218326717178
40000,2.578125,2.5625,2.6875,0.5521398359451164,0.9960860906568267,0.8955183554791046
50000,2.96875,2.3125,2.75,0.6087536896705432,0.8942087983239708,0.829156198
60000,3.296875,3.1875,2.8125,0.6839056473840596,0.9045807697754905,0.7801480323508817
70000,2.921875,3.4375,3.3125,0.6602206355964729,0.9284909391626517,0.7933878532686808
80000,3.703125,4,3.375,0.7439033528293137,1.0113826997125162,0.7974024670418599
90000,3.625,4.3125,5,0.7730051050032665,1.093779761499849,1.0688941585686687
100000,3.78125,4.8125,4.9375,0.8025367052990615,1.2039530061049273,1.1954874909044808
110000,4.3125,4.5,3.3125,0.8812387504654852,1.2297964809145037,1.1427990126585397
120000,4.71875,6.1875,6.875,0.9795475212332307,1.456070818182997,1.5236023702699821
130000,4.375,4.4375,5.375,1.0043662192665812,1.4295573091956564,1.5610295278479478
140000,5.234375,5.5625,6.125,1.1066185994742637,1.4849442830657062,1.650836277971461
150000,5.171875,5,6.625,1.1675527931273957,1.4791740023292281,1.757998832716715
160000,5.09375,4.3125,6.8125,1.201802295,1.4412315697000257,1.8474616802322235
170000,6.171875,6.5625,7.0625,1.3238984434974055,1.553758225781285,1.9299412433062255
180000,5.65625,5.1875,4.8125,1.3657645843125479,1.5409700891936462,1.8809178054704232
190000,5.625,6.8125,6.8125,1.392949482092882,1.6335805845797107,1.919868844889918
200000,4.9375,7.75,7.125,1.3779999740825208,1.7840021554012178,1.966379430699017
210000,5.125,7.3125,6.5625,1.3695728456932998,1.8603072415621722,1.9692942712931585
220000,6.15625,6.8125,6.125,1.4140248811682015,1.887102738,1.950719120973803
230000,5.890625,8.375,7.875,1.4325860204779466,2.0092911451049353,2.018257290009759
240000,5.921875,7.4375,8.375,1.447220587327798,2.044692697978517,2.1022588298066442
250000,6.734375,8.3125,8.5625,1.5021223967145745,2.1212296869069567,2.179659024145397
260000,6.078125,7.625,7.375,1.512002510761168,2.145400234278482,2.182985267812676
270000,6.671875,9.125,6.9375,1.5462051285925313,2.245291958484682,2.1685676851841333
280000,6.78125,11.4375,8.625,1.5787488326449821,2.495512444043184,2.221563599716697
290000,5.953125,8.8125,7.5625,1.5728287386457285,2.5318339577577307,2.2205164370313586
300000,6.734375,10.1875,7.6875,1.4976897356498216,2.523421180465717,2.1042011633680713
310000,7.4375,10.25,8.8125,1.4572859025832285,2.5007721508715495,2.0319334614977005
320000,6.84375,9.375,9.25,1.4245752826689708,2.479250276287424,2.063077897095203
330000,7.171875,9.1875,9,1.3727541129480034,2.466278498795441,2.016144652562776
340000,7.078125,10.5,8.5625,1.3147141328697216,2.454342416086701,1.938448739
350000,7.671875,10.625,8.8125,1.2943506018863078,2.4023315796696694,1.850044656186727
360000,7.03125,10.4375,9,1.2476775524446533,2.364967657004672,1.7455827358345652
370000,8.015625,11.4375,8.25,1.2042481276263302,2.366668121154646,1.6253094311934713
380000,8.140625,10.75,7.5,1.2031225509379457,2.337599689004619,1.4704280888121746
390000,8.3125,9.625,9.25,1.1876995493634697,2.2658881882408064,1.4566595484978273
400000,8.03125,13.0625,9.1875,1.1468299528799188,2.3692042106905924,1.421869671267017
410000,8.5,9.8125,11,1.1510846149084257,2.277293944209518,1.3359612886065158
420000,8.640625,11.4375,9.5625,1.1711336256419227,2.3021660605617287,1.3663258265757208
430000,8.5625,10.5,9.875,1.1494851030592663,2.1887988754660372,1.335213293908466
440000,8.65625,13.25,10.375,1.1673897643030664,2.247433282159591,1.3578872407606977
450000,9.609375,12.8125,9.5625,1.2299543231125485,2.215111047785866,1.3528270341013349
460000,9.53125,13.25,10.1875,1.2623786545829645,2.119572387271798,1.3727531930478258
470000,9.390625,11.1875,11.3125,1.3145134776487684,2.0581753249185213,1.4550265259066475
480000,8.921875,14.0625,11.75,1.3149372724702917,2.0162381841513413,1.4050146233950864
490000,9.578125,11.9375,9.875,1.335217182042676,1.9482587366376856,1.3743810649822061
500000,9.1875,11.8125,10.125,1.281605313,1.911282104140885,1.357498663765991
510000,9.3125,10.625,12.5,1.2283301492471688,1.8228930622445532,1.435834242
520000,9.46875,12.375,12.6875,1.2288627969780428,1.7180530196012391,1.4671771047181765
530000,10.1875,10.375,12.1875,1.2415143910232453,1.6645334768043314,1.531136372748698
540000,10.21875,12.25,13.375,1.240737164325106,1.566189609287904,1.6745592575052606
550000,9.953125,13.25,12.6875,1.2533460289994818,1.5462459173047567,1.7518770721320853
560000,10.265625,13.0625,11.25,1.235517871731745,1.4469315159265934,1.7121785292696479
570000,10.0625,12,10.8125,1.2274826216961683,1.3972613427907794,1.6256077554910549
580000,9.890625,13.4375,11.125,1.2077384630510488,1.4496472643688103,1.6156339277527474
590000,10.015625,12.375,12.25,1.1241996324796557,1.375267737778624,1.587776867430418
600000,10.296875,13.875,12.6875,1.0919218352386044,1.4172914232606848,1.5707183294283942
610000,11.140625,12.4375,12.4375,1.133374996593055,1.3999435538703018,1.5816229229504506
620000,10.3125,12.8125,12.6875,1.0827178636847012,1.3422179518142485,1.6086377831076235
630000,11.421875,13,11.875,1.0989516090386466,1.2626230451021443,1.5917294776076396
640000,10.984375,12,12.1875,1.0639864517653599,1.2327400328154232,1.5564913202087225
650000,11.046875,13.5625,11.875,1.055865867,1.2367563509243638,1.5161797998076822
660000,11.390625,11.75,12.875,1.0046068733178155,1.1987781135461497,1.5066021491819197
670000,10.078125,11.5,11.9375,0.9595334950417588,1.197573351603687,1.4126824467665549
680000,11.6875,11.8125,12.125,0.9786290634096317,1.1704653878427824,1.2320259457635327
690000,11.421875,13.0625,12.25,0.9779155138584236,1.0767281785122569,1.1728795981362217
700000,11.9375,14.6875,13.8125,0.9770542583688531,1.1549824132860307,1.1640647299022286
710000,11.390625,14.75,12.5625,0.9607386808384525,1.1334373895773762,1.1693082522556464
720000,11.890625,12.25,14.4375,0.9676399136633334,1.1165491178050733,1.201219522201207
730000,11.59375,12.75,11.4375,0.9421555858713153,1.0486140449325994,1.1449068877464452
740000,12.265625,12.5,11.75,0.9473360033919188,1.041757898,1.1083457565633619
750000,12.203125,12,12.6875,0.982671481,1.0462027670987495,1.0190710216302374
760000,11.765625,12.0625,14.0625,0.9860347369714642,1.0415854853423625,1.0193441518937858
770000,11.265625,13.0625,12.9375,0.9630912080006638,1.0148612844739722,1.0144077032957752
780000,12.21875,12.3125,12.6875,0.94041468,0.976347893,1.0131786961846176
790000,11.6875,13.3125,13.75,0.9234428636044418,0.9801848765622748,0.94139755
800000,12.421875,13,13.0625,0.907036328,0.9725396307263553,0.8441290655524255
810000,12.296875,13.125,11.625,0.8795863229366093,0.9012284081619834,0.8591127473409669
820000,12.625,14.125,13.375,0.8673205700687534,0.9359901635203852,0.8741298012782912
830000,11.53125,15.4375,13.1875,0.8478183896984893,0.9493007294846133,0.8810877102541984
840000,12.265625,14,13.5,0.8449300297175826,0.9604915415748333,0.885520193
850000,12.140625,12.8125,11.75,0.8176610302776129,0.9595257449242476,0.8962926515605523
860000,12.859375,13.5,14.25,0.8323417569587489,0.9644102368209679,0.9190864092055083
870000,12.03125,14.6875,13.8125,0.7942575547693658,0.9948592720904722,0.8802796381715191
880000,12.078125,12.5625,11.1875,0.7362981894563632,0.9964376202424815,0.8764893933238813
890000,13.265625,13.9375,13.6875,0.7328814829490461,1.0014379926690098,0.8901096890949793
900000,12.734375,13.375,12.75,0.7045585243046053,0.9920322843340007,0.8900314996686185
910000,12.71875,15.375,14.25,0.7126183041025391,1.0691265636936615,0.9286217540360757
920000,12.375,14.3125,13.0625,0.656336372,1.0867210514562489,0.9294047038014971
930000,13.28125,14.375,12.375,0.6943851372544091,1.1059124671769844,0.9161701894801135
940000,12.9375,14.9375,12.1875,0.6891877793886415,1.1198497211628522,0.9161701894801135
950000,13.375,12.375,13.0625,0.7036274944541995,1.1335166138143349,0.8984466360105615
960000,12.484375,15,12.3125,0.6925406660146959,1.1331045872941905,0.9044311414669698
970000,13.109375,14.4375,13.5625,0.5920131603151892,1.0862272080065953,0.895741441
980000,12.859375,14.1875,13.8125,0.5914618645463723,1.0423008127193472,0.8972964862270874
990000,12.6875,14.25,13.5,0.5713869828247321,1.0433233951640117,0.8915738417147292
1000000,12.046875,14.125,14.5625,0.5690530643852423,1.0289911258455897,0.9246217967115523
1010000,12.234375,13.125,13.0625,0.5402851109160923,1.0106762168122363,0.9202215227118661
1020000,12.9375,12.75,12.9375,0.5417273638351289,0.9919870232570356,0.8825642865126947
1030000,13.25,14.625,14.25,0.5400775727361636,0.9960522831970606,0.8592486192338338
1040000,13,13.125,12.625,0.5473186829087313,0.9773958369700809,0.8260529678823293
1050000,13.328125,13.9375,12.75,0.565261024,0.9253862970946684,0.8249787745441418
1060000,12.796875,13,13.75,0.5484649506425757,0.8815156626548128,0.8147239677818733
1070000,12.8125,13.875,13.6875,0.4922740128765912,0.8713594214670067,0.8203916046971407
1080000,13.234375,12.3125,14.375,0.49910007915111715,0.8713594214670067,0.8453542114499527
1090000,12.953125,15.5,12.875,0.4677134732393329,0.9193623829002137,0.8408808710916754
1100000,13.46875,14.3125,12.75,0.48579521584566604,0.9075434190556774,0.8442248025505161
1110000,13.953125,13.1875,13.625,0.5278755234400989,0.9057333545159761,0.7962285382084413
1120000,13.265625,14.6875,12.6875,0.5343419677059813,0.9159153138085253,0.8017609256484325
1130000,13.53125,15,14.0625,0.49374369130630313,0.8944397406827628,0.8168292047378839
1140000,14.078125,14.5625,13.125,0.5273449805754368,0.9019754023457544,0.8155089069402801
1150000,13.296875,13.5625,12.9375,0.5098055770418127,0.8797183947281039,0.7690469359247543
1160000,13.71875,14.875,14.375,0.5274383628940279,0.8903215227057615,0.7748980281450387
1170000,13.84375,14.75,13.6875,0.5169658853854214,0.8920269642141205,0.7721931931753138
1180000,13.71875,13.3125,13.6875,0.4964089004299176,0.8598571661993459,0.6684736645747289
1190000,13.484375,14.4375,12.8125,0.500366077,0.8626514734556325,0.6721309823772045
1200000,13.140625,14.0625,13.1875,0.4951183321240997,0.8530076942424275,0.664110356
1210000,12.71875,14.25,14.6875,0.4951183321240997,0.8180897465029952,0.6893066648169025
1220000,14.015625,14.8125,13.125,0.49935527758016246,0.8288203949749536,0.6885147944136849
1230000,13.546875,14.75,13.75,0.5034512377546907,0.836552689,0.666943863
1240000,13.171875,13.375,13.25,0.5011425075357608,0.8293429966150825,0.6277382544437109
1250000,14.21875,13.375,13.4375,0.5337941951877399,0.7796031493024512,0.62390709
1260000,13.4375,14.4375,13.125,0.5159381124376219,0.7625977419924318,0.589909311
1270000,13.5625,15.75,14.8125,0.517945297,0.8219253267883238,0.6388726207741231
1280000,14.109375,14.375,14.25,0.5332366504949467,0.8235052638205966,0.6508863320438241
1290000,13.828125,15.625,13.625,0.5273066650966511,0.8700496253517452,0.6511208285206497
1300000,13.796875,13.875,14.75,0.4712162730126198,0.8712872792532355,0.6621874940671522
1310000,13.890625,14.9375,13.4375,0.42262963318100255,0.8626514734556308,0.6564671917549717
1320000,14.125,14.9375,13.625,0.4265975957627106,0.8293078058125382,0.6463452735525823
1330000,13.671875,14.4375,13.125,0.424684002,0.8271203377749314,0.6381659244479612
1340000,13.234375,13.875,13.5625,0.4167953958832687,0.8029920028301604,0.614674039
1350000,13.734375,13.125,12.9375,0.4165502486428657,0.8280074059860898,0.6070112385106599
1360000,13.46875,13.8125,13.25,0.39227739587711236,0.7986187114414267,0.6087838829108719
1370000,13.90625,13.875,12,0.36985363532907023,0.7986187114414267,0.6708371260691579
1380000,14.125,14.0625,14,0.37485816582593956,0.7094174850561861,0.6572874257564606
1390000,13.578125,14.0625,13.125,0.3524169453849142,0.6754893926185862,0.650834594
1400000,13.828125,13.3125,12.6875,0.3519862946938928,0.6982891654756551,0.6533924512897148
1410000,14.296875,12.75,12.8125,0.36691169484002817,0.7252903946759482,0.6644212815434943
1420000,13.515625,14.5625,12.6875,0.359993689,0.7229590028677862,0.6644212815434943
1430000,13.765625,15.125,14.375,0.3590511878239189,0.7278857797301241,0.6764591508426093
1440000,13.53125,15.125,12.5625,0.35271741175834853,0.7436754405784404,0.6940615563230689
1450000,13.90625,13.3125,13.875,0.34763874382831056,0.753035047,0.6909981535980726
1460000,12.8125,14.5625,13.0625,0.38318306161745397,0.7461617542502058,0.6742153005915894
1470000,14.359375,15.3125,13.5625,0.40250121590811183,0.7663331670941189,0.6730422065381132
1480000,14.3125,14.375,13.25,0.41857948149380614,0.7455838615073601,0.6722244981121649
1490000,13.5,14.8125,14.4375,0.4183075404121928,0.7512710732982529,0.686486976
1500000,14.484375,15.25,14.0625,0.4277773963269069,0.7692804332995002,0.692231628
1510000,14.390625,12.625,13.875,0.3967883028212724,0.8307142751250567,0.6596331105374598
1520000,13,14.375,13.875,0.4207290070341621,0.8250005442352766,0.6598781072132897
1530000,14.609375,15.4375,13.1875,0.44527579123757816,0.847939524,0.6607043002840804
1540000,14,14.3125,13.625,0.4300343101455254,0.829916667,0.6596024795545922
1550000,13.9375,15.625,13.25,0.4243706779950671,0.8424812193070254,0.6611017286997052
1560000,14.984375,14.9375,14.9375,0.4675718551677494,0.8481327741493082,0.7074368904878175
1570000,14,13.8125,14.625,0.46428337679605647,0.8164415887349736,0.6966830536900797
1580000,13.609375,13.875,14.125,0.4651143129211261,0.8210918403837806,0.6927017165443811
1590000,14.1875,14.0625,14.4375,0.468522454,0.7853870348689411,0.7116134330948255
1600000,14.40625,13.75,12.375,0.47767162365660304,0.7879668156630737,0.7080078697855303
1610000,14.390625,13.875,14.25,0.48578048545277697,0.7813031591109688,0.7212802166025023
1620000,13.6875,16.75,12.4375,0.48605537917730646,0.897996753,0.7473612584117509
1630000,14.0625,14.875,14.5625,0.4847473772551919,0.9037358606070266,0.7696217956460284
1640000,13.40625,15.5625,14.5625,0.47731312775673745,0.9272403166844357,0.7925235456454166
1650000,13.90625,14.9375,14.9375,0.4759563402868332,0.9015372408013536,0.8218925498541956
1660000,14.359375,14.875,14.125,0.4738174959690615,0.8969962046140143,0.8235734139125258
1670000,14.3125,13.6875,13.0625,0.47795705252183207,0.9019455344567263,0.7710643487317657
1680000,14.1875,13.5625,12.6875,0.47876660194876197,0.9142077783900981,0.7899700134350172
1690000,13.703125,13.8125,14.875,0.47570422171277554,0.9189887,0.8142636693823118
1700000,14.171875,14.875,13.875,0.4760155908814902,0.8967959610132324,0.7915796987924303
1710000,14.328125,14.1875,13.5625,0.4767366190771911,0.8368102752605275,0.7727047026331268
1720000,13.734375,13.5625,13.5,0.4707992204545854,0.8556564664079497,0.7472440985489125
1730000,14.5625,12.1875,14,0.47942935390730246,0.945965135,0.7403625286646127
1740000,14.15625,16.0625,13.25,0.47059145,0.9850626475205644,0.711272637
1750000,13.75,15,14.6875,0.4730834178648238,0.9663636254584438,0.7291430620153648
1760000,14.703125,14.9375,15,0.4271024972922676,0.969647573,0.7439772544725399
1770000,14.3125,15.125,13.125,0.4262313656728909,0.9648919747767092,0.7550268559203733
1780000,13.96875,13.9375,13.875,0.42508556440910755,0.9702030722672309,0.7454513646570445
1790000,14.484375,15.8125,12.625,0.4155587596294731,0.9984475197588679,0.7738195496382755
1800000,13.984375,15.0625,13.25,0.41071164333282983,0.9943175473949268,0.7801673532890337
1810000,14.09375,14.25,14.4375,0.40727655445702865,0.929887677,0.7882829988062545
1820000,14.421875,14.125,13.4375,0.354116878,0.9328187723609316,0.7916052229634879
1830000,13.921875,14.4375,14.5,0.34532562419805246,0.918226207,0.7915456652840505
1840000,14.109375,15.5,14.375,0.34454258157343365,0.934023727,0.7954838403323917
1850000,13.96875,15,14.75,0.3439931872279453,0.9164568398827119,0.8008840302348038
1860000,14.71875,15.0625,14.125,0.3240627545888026,0.9185708735381467,0.7794994756068468
1870000,14.65625,15.375,13.75,0.33753067987956126,0.9194869102716516,0.7682905013992526
1880000,14.21875,14.375,14,0.32235537053667745,0.9102998590208182,0.7672846631534022
1890000,14.671875,14.875,13.4375,0.33551267076671953,0.905187893,0.7640006666739538
1900000,14.734375,14.625,12.6875,0.3482931879261972,0.889213883,0.7451230323466174
1910000,14.828125,15.125,14.4375,0.36572430250866417,0.8795678185414578,0.7492962454902814
1920000,14.9375,15.375,14,0.3758954228156095,0.8025221780513948,0.6993171957202039
1930000,13.953125,14.5,13.5,0.37825789378862895,0.8021864204540655,0.6923516117627153
1940000,14.6875,14.4375,12.6875,0.3520424963990596,0.7846663807141074,0.7130537019724648
1950000,14.921875,15.8125,13.75,0.3630365381298288,0.812530393,0.6810499416258624
1960000,13.953125,15.1875,13.6875,0.3689967881561969,0.817474823,0.6780668144697412
1970000,14.015625,12.6875,15.75,0.3727561731230509,0.876835104,0.7552498254555636
1980000,15.390625,14.5625,12.125,0.42219881676348464,0.8535865,0.791332923
1990000,14.328125,14.3125,13,0.4049922506177062,0.8412091905696449,0.7803630022175383
2000000,14.546875,14.8125,13.625,0.4048924599135899,0.8407847533327233,0.7805701064555564
2010000,14.1875,16.0625,13.5,0.4061909356931472,0.8722375317432715,0.7812112059334189
2020000,14.5625,14.375,13.75,0.3897281370819719,0.8466677414238721,0.7796463426068992
2030000,13.5,14.375,13.5625,0.42071399952533295,0.6980351374829943,0.77930361
2040000,14.390625,14.0625,14.3125,0.41904482512424895,0.6722411959815443,0.7796463426068991
2050000,14.640625,14.625,14.0625,0.4053662469682022,0.6713589805365764,0.7630568439680765
2060000,14.328125,13.5,14.875,0.4012582916213424,0.7085530423285819,0.7564260149492735
2070000,14.3125,14.75,14.25,0.4012582916213424,0.7043201050266942,0.7513876052567128
2080000,14.703125,16.25,13,0.3976096100819312,0.7434489997503994,0.7653951537470007
2090000,15.171875,15.4375,14.4375,0.4213994632566044,0.7284407305941166,0.742687653
2100000,14.375,15.875,13.5625,0.41315283806435005,0.754536091,0.7363582141460188
2110000,14.921875,13.8125,12.75,0.4167549969233022,0.7694467569504686,0.7538484833967796
2120000,14.796875,12.5625,12.1875,0.42088772036042715,0.8623781773036934,0.8066739618626668
2130000,13.0625,14.9375,14.5625,0.48471379975452156,0.8614613519592885,0.8087612920919817
2140000,15,15.5,15.3125,0.4901774603330798,0.8614613519592885,0.850765059
2150000,14.515625,15,15.125,0.4804736049540342,0.8614613519592885,0.8680682949257259
2160000,15.28125,14.125,12.8125,0.49984731864248066,0.8664115658489141,0.8837310696407367
2170000,15.203125,14.875,13.5,0.5147455819125354,0.8579543508272652,0.8849089991528473
2180000,14.40625,12.6875,14.9375,0.5118655946079033,0.9317206922011816,0.9105291856874168
2190000,14.1875,13.875,15.625,0.5153293954122129,0.9407749312478279,0.9684869405537037
2200000,15.0625,13.875,14.875,0.5232786525571609,0.9501209844316981,0.9605850296241429
2210000,14.515625,15.0625,13.9375,0.520428632,0.948950664,0.9555987659247296
2220000,14.4375,14.9375,12.125,0.5148600538882905,0.9395810236483005,1.0088086357212807
2230000,14.578125,15.25,13.25,0.5039971892347422,0.9478025856576348,1.0127354451665234
2240000,15.171875,14.4375,14.3125,0.5167215569193073,0.9478025856576348,0.9927109528556762
2250000,15.078125,15.6875,14.3125,0.521376513,0.9424915012269581,0.9953736374653509
2260000,14.875,14.4375,13.625,0.5118096718273913,0.935836647,0.9959080251410339
2270000,14.390625,14.25,13.3125,0.5019104687335564,0.8692364572877441,0.9376771863211834
2280000,15.375,15.1875,13.5625,0.5010663467408917,0.8755155500893531,0.8831745614738727
2290000,15.734375,15.0625,12.125,0.5393712415460751,0.8768069396866934,0.9262519680591336
2300000,14.09375,16.5,13.875,0.5484457634787485,0.9390934733689309,0.9253790191176118
2310000,14.578125,13.125,14.875,0.5422127828333393,0.9465914539795474,0.941464319
2320000,14.46875,15,12.75,0.5429544401385348,0.9480133681886318,0.9641587997275338
2330000,14.265625,15.125,14.8125,0.5042042731712121,0.9507941515796923,0.977754086
2340000,14.828125,16.625,12.375,0.502346383,1.008574944929832,1.0130612535520054
2350000,14.8125,14.875,15.4375,0.5028776298070972,1.008574944929832,1.053873874654005
2360000,14.3125,14.4375,14.0625,0.5032672636556487,0.9825639584633906,1.0378284170690004
2370000,14.640625,14.9375,13.4375,0.4984609484900493,0.9829271760071122,1.037800295829151
2380000,14.5,14.25,13.1875,0.49972182680435884,0.9478025856576331,1.0331889208970702
2390000,14.34375,15.75,16.1875,0.4949219051220087,0.95757013,1.1145527845206988
2400000,14.125,16.125,14.6875,0.5019482070038959,0.9688508012072777,1.1219246759245294
2410000,14.28125,13.1875,14.75,0.5036986605174743,0.9959080251409838,1.1086556170871706
2420000,13.921875,15.375,13.4375,0.5188517440211255,0.9145809605132373,1.0607215508008772
2430000,14.5625,14.875,15.375,0.43010902130134343,0.9143673814902388,1.084636705
2440000,14.875,15.375,14,0.4272128649589202,0.9114163578183316,1.0588150263655856
2450000,13.6875,14.875,12.375,0.461406803,0.9108052873977549,1.0789609764922863
2460000,15.453125,14.4375,13.1875,0.4708731252575966,0.9045105681063513,1.0676661927484712
2470000,14.34375,16,12.125,0.4605496797775025,0.9299745856124453,1.1158009113863725
2480000,14.375,16.4375,14.4375,0.4610307900432169,0.879350841,1.1034026037827567
2490000,15.1875,15,13.75,0.4666066900088092,0.8542700386005315,1.0531855924961488
2500000,14.71875,16.5625,13.8125,0.4597690906733106,0.8711661699639355,1.0341336815250013
2510000,14.546875,16.25,12.75,0.4595651875827718,0.8957414414243845,1.0506245576831819
2520000,14.6875,15.875,13.5,0.45843046906954366,0.9045329055920668,1.006643253
2530000,13.84375,17.1875,13.8125,0.4802238579596485,0.9762444165881388,1.0014716183192292
2540000,14.109375,15.625,14.0625,0.4759530975041162,0.9665401658706967,0.9981664224449933
2550000,14.875,16.0625,13.75,0.4698394905826618,0.9743684404569941,0.9934795500559613
2560000,13.875,15.8125,14.5,0.48206542911253963,0.9649966685964634,1.0015455907757689
2570000,14.953125,17.3125,14.6875,0.4874836517300639,1.0068372581344955,1.009404858371275
2580000,14.0625,13.8125,12.375,0.46905043054423495,1.0492111842691036,1.0440117281457293
2590000,14.46875,13.9375,13.3125,0.4072369339198895,1.0811538642399112,0.9992117043812582
2600000,14.125,16.125,14.75,0.40630698373567314,1.0696052150639166,1.012460532081658
2610000,15.5625,15.5625,14,0.4531454365189887,0.984262389,0.9954300210081184
2620000,15.515625,13.5,13.3125,0.489966739,1.043050087,0.979036736
2630000,15.203125,14.875,14.0625,0.5023530859213287,1.0461276604203356,0.9637279448704511
2640000,14.828125,15.125,13.375,0.5023530859213287,1.0195225281202966,0.9275671119258823
2650000,14.984375,15.9375,14.0625,0.5062978904551804,1.0220275093582514,0.8809220776530903
2660000,14.515625,16.0625,13.1875,0.5041497270535117,1.0148059805504164,0.8876750272611446
2670000,14.453125,15.9375,12.125,0.5044368628294662,1.0152306374053184,0.9375263406261721
2680000,15.34375,15.375,13.625,0.5237728649887047,0.9901635473873417,0.9316243076341438
2690000,14.484375,14.75,14.25,0.522080045,0.9975364770215062,0.8192990284313726
2700000,14.890625,15.25,14.6875,0.5167989400979917,0.9897553540746888,0.8192990284313726
2710000,14.640625,15.375,14.75,0.5127176612364113,0.896004561,0.8192990284313726
2720000,14.46875,14.9375,14.9375,0.495880626,0.9014774749992406,0.8471051321324542
2730000,14.203125,15.5,15,0.5024812714529536,0.8943267871973993,0.8250005442353302
2740000,14.671875,15.3125,13.875,0.5006082978078858,0.8946906973728346,0.8240203387527799
2750000,15.328125,14.4375,13.9375,0.48271929200183034,0.9085817703065064,0.7825893691392315
2760000,14.5625,15.625,13.625,0.4611114334312327,0.8872525760011414,0.7748198020022448
2770000,14.546875,16.6875,13.875,0.45777256382055015,0.908730009,0.7060551175532077
2780000,15.015625,15.9375,13.6875,0.4585886787081456,0.896232536,0.698613801
2790000,14.28125,14.0625,15.625,0.4544530059011771,0.930845637,0.769796795
2800000,14.53125,16.5625,14.625,0.4548899806397237,0.930845637,0.7804521788350401
2810000,14.09375,14.25,14.75,0.4659109426334334,0.9463068147507183,0.7606877370731168
2820000,14.921875,16.875,14.6875,0.46873473394687437,0.9796533701134726,0.7644354323109964
2830000,14.828125,14.75,14.9375,0.44451730649764404,0.9313640194798065,0.780132822
2840000,15.375,17.375,13.6875,0.44871610278042845,0.9995958234930754,0.7834408935081038
2850000,15.15625,15.5,15.4375,0.4549541336654541,0.9927199986348755,0.819515469
2860000,15.34375,15,13.625,0.4385394696822288,0.9926905995509143,0.8212777401323306
2870000,13.96875,16.625,14.5,0.46127176536511394,0.9539999164136302,0.8173237665502591
2880000,14.9375,15.8125,14.625,0.4439108499152448,0.9103812396116001,0.755454899
2890000,14.1875,17.125,15,0.45346858258096767,0.9155230588381373,0.7526414213923448
2900000,14.46875,15.875,13.875,0.4408915137172379,0.9111576885113274,0.7483698759734083
2910000,15.046875,13.3125,13.875,0.41870985664941873,0.9972123501362886,0.7498203807902012
2920000,14.59375,15,13.125,0.39446033809927333,0.9310457906933407,0.7581010048936594
2930000,14.6875,14.75,14.625,0.38419674810395144,0.9342520365597625,0.7620087450851818
2940000,14.8125,14.875,15.0625,0.38404442728217775,0.9388543856590523,0.7612925006538624
2950000,14.359375,15.5,15.5,0.38567772302084197,0.935147911,0.7932455519870338
2960000,14.53125,15.625,13,0.38544372672177163,0.9291631230281229,0.8030255512246343
2970000,15.046875,13.125,13.875,0.38803559863529113,1.0176888292404969,0.6961930810016506
2980000,14.734375,15.5,13.625,0.3692628666075577,1.0179535088914136,0.6961930810016506
2990000,15.0625,15.0625,15.75,0.3731925581180384,1.012901687028993,0.7407384334056297
3000000,14.85416667,14.1875,14.6875,0.37264268793356137,1.0361831242372153,0.7407384334056297
3010000,14.64583333,17.375,13.0625,0.3726111,1.100077142671167,0.7769233641699748
3020000,14.45833333,16.4375,13,0.3728473379921279,1.1114788513817697,0.8063733421648498
3030000,14,14.5,13.9375,0.38401844608067365,1.1254169884929224,0.7971865939147044
3040000,15.58333333,15.8125,14,0.41627514671190147,1.1272347695022034,0.7954838403323925
3050000,15.16666667,15.75,13.5,0.4092888785064956,1.1118645673335967,0.8054373633402253
3060000,14.54166667,14.3125,14.5625,0.40959470827045974,1.132242412536776,0.7989306790236211
3070000,15.125,16.625,13.0625,0.4144457467519465,1.1299460240389148,0.8261209078037133
3080000,14.875,14.5625,15.75,0.4120714640621368,1.1373523650561523,0.863221213
3090000,14.64583333,16.8125,13.9375,0.40334007313333897,1.136309690464554,0.8290505969127976
3100000,14.33333333,14.5625,15.0625,0.4086718020269214,1.130224141,0.839542243
3110000,14.66666667,14.875,15.375,0.3900964656465867,1.1133738334914383,0.8593635709794334
3120000,14.6875,14.25,13.6875,0.3891980242692499,1.1005974083071368,0.8628674463004987
3130000,14.875,16.125,14.3125,0.38958538230931655,1.1028388785103633,0.8533971161956906
3140000,14.6875,13.875,13,0.37192257115593974,1.0723219113723117,0.8775644890669578
3150000,14.5625,15.5,14.5625,0.36451850143912123,1.0723219113723117,0.8496137771966656
3160000,14.39583333,15.4375,13.5,0.34900988585801235,1.0711928876659793,0.8527576337369477
3170000,15.125,15.9375,13.9375,0.33057387976031155,1.0491341531302565,0.8516907626436371
3180000,15.03125,13.1875,14.5625,0.3331023956703655,1.1111132064156364,0.8505961609501155
3190000,15.90625,16.1875,13.9375,0.3815106058842931,1.067304468754329,0.8364346028397392
3200000,15.15625,15.75,14.6875,0.3825878964930878,1.064676185864556,0.8412011843021564
3210000,14.875,14.1875,14.5,0.3801448129995683,1.0234959704057236,0.841841445
3220000,15.15625,16.8125,14.3125,0.38343474243204095,1.064589729944555,0.8184628675250502
3230000,14.5,15.4375,13,0.3871724419857846,1.0608485306041717,0.8436076401828038
3240000,15,15.9375,14.5,0.38866843193110967,1.0648343187729978,0.8289422745525263
3250000,14.5625,15.375,14.125,0.3820878238224931,1.0643028990468422,0.7881377412216832
3260000,15.8125,14.4375,12.5625,0.41789002663616337,1.0739975444919254,0.8127375868369552
3270000,14.8125,16.125,13.6875,0.4166408115241356,1.0053846586165822,0.8150793496736706
3280000,16.25,16.3125,14.9375,0.4867184563496053,1.0199958445937307,0.8253678211742758
3290000,15.6875,16.125,14.125,0.5063705553108574,1.026597175165334,0.7656414934888325
3300000,14.375,14.6875,13.375,0.5163890849213679,1.0096983908659127,0.766195468
3310000,14.875,16.6875,14.5625,0.5139337056406096,0.9714309861845629,0.7504219359111496
3320000,16,15,14.5,0.5420418499600799,0.9548655085234719,0.7263420248540295
3330000,16.0625,16.125,14.8125,0.5448138384445961,0.949716855,0.7363124814930039
3340000,15.1875,14.6875,14.6875,0.536035328,0.956162427,0.7422250255184296
3350000,16.75,15.375,13.3125,0.6210358802411075,0.9537363194059432,0.7488287070294185
3360000,13.9375,14.375,15.125,0.6484220767850736,0.9513960552908346,0.7659815467001434
3370000,15.5,13.8125,14.4375,0.6532374372600902,0.9629006294142758,0.7371991886038994
3380000,14.125,17.8125,15.6875,0.6751931694658216,1.0569900233600746,0.7328284491745849
3390000,14.6875,15.125,15.8125,0.6743725208245824,1.023248082300185,0.7853527329996198
3400000,17.125,17.1875,15.375,0.7589760602443404,1.0660311504797015,0.7979297026335809
3410000,16.125,16.625,14.4375,0.7737853798312717,1.0826478821766488,0.7723240090791474
3420000,17,16.25,14.8125,0.8343561133738095,1.0655256109480342,0.7704381170746075
3430000,14.3125,16.3125,14.6875,0.8497526357849009,1.0695569397716833,0.7735787162096054
3440000,16.0625,16.125,14.0625,0.8552756562443438,1.025581994149719,0.7344533309900545
3450000,15.0625,14.625,13.9375,0.8452494541488366,1.0417578983036972,0.737199189
3460000,15.625,15.8125,13.6875,0.8287743469144849,1.041964756199026,0.7306563190784591
3470000,15.875,15.4375,15.8125,0.8328599589408655,1.0406194448610713,0.7739848978672161
3480000,13.6875,17,15.3125,0.8867242288997736,0.9662404926596432,0.7912648329855363
3490000,15,16.5,14.1875,0.8820681272070563,0.9730588730402064,0.787237116
3500000,16.5625,14.625,13.5,0.9107220959170047,0.9939313884192584,0.8038051566674262
3510000,16.0625,15.0625,15.3125,0.9150208497797705,0.9603512924368015,0.8209414494991927
3520000,15.4375,17.5625,15.0625,0.9139548117869888,0.9985824183633245,0.828844772
3530000,14.25,14.75,15.375,0.9235528638044838,1.0138232802999438,0.7986524435414959
3540000,15.4375,15.25,15.375,0.920570319,1.0167177476803742,0.8134692494665525
3550000,16.8125,16.75,15.25,0.9407176583033644,1.0321454228211027,0.8188166266652984
3560000,14.25,16.6875,15.3125,0.964810538,1.0149320690987338,0.733012232
3570000,15.5,15.375,13.3125,0.9577459469246847,1.016576422177111,0.7535267892560477
3580000,14.9375,15.6875,14.6875,0.9500855413696312,1.0121500565968191,0.7518804252344025
3590000,16,14.25,15.4375,0.9549289857451062,1.0474658973133495,0.7575648183641319
3600000,15.8125,15.75,14.5,0.9365296702592764,1.0291983684446713,0.7159913953121306
3610000,15.625,16.375,14.9375,0.9301218287834114,1.0209748025361698,0.7159537686545597
3620000,15.125,16.6875,13.75,0.9274146218101228,1.025063076,0.7380392047961842
3630000,14.9375,15.25,16,0.9251460936199836,1.0279411825161118,0.7734277944068289
3640000,15.125,15.6875,14.125,0.9257743729739217,1.0076129040300124,0.7823368876303984
3650000,16.5625,15.625,14.25,0.9171131031479174,1.004971478408105,0.7403625286646178
3660000,14.75,17,15.4375,0.8832330240161594,0.9896555478792894,0.74746939
3670000,15.3125,16.3125,13.875,0.8834998690878493,0.9098558367555507,0.7636479722848775
3680000,14.6875,13.8125,14,0.8603035083253281,0.9255124396041627,0.7563904
3690000,14,15.4375,14.875,0.8901828278247725,0.9188054659150556,0.7285886461028451
3700000,15.8125,15.1875,14.8125,0.8348119066833645,0.891342157,0.7174948435876068
3710000,16.25,16,15.125,0.838900228,0.8784542859313985,0.72075713
3720000,15.8125,17.3125,14.8125,0.7870089465162613,0.9188421155635568,0.72075713
3730000,15.4375,14.375,13.4375,0.7619645519631216,0.9497546756744584,0.7563814956449653
3740000,16.1875,18.5625,12.9375,0.7660782583970066,1.078967218510678,0.8124309210245959
3750000,16.0625,14,13.8125,0.7727076079694561,1.1085644906296777,0.8163343433039939
3760000,15.875,16.125,12.625,0.7762093132580875,1.1101126230790817,0.8784415078755741
3770000,15.8125,14.375,13.4375,0.7750834215392002,1.1391274514182737,0.8700496253517982
3780000,15.0625,15.375,15.1875,0.7055684713875605,1.1175037606972031,0.8662949578654375
3790000,15.125,16.25,13.5,0.7029801095926155,1.1124459175799102,0.8835405241180012
3800000,15.3125,15,14.125,0.6734923563211943,1.1018124436216532,0.8671264184505073
3810000,14.375,16.1875,12.875,0.6904683827980561,1.0974762061149592,0.9008995345011893
3820000,16.5,16.5,14.3125,0.7196443086932379,1.0537993147130216,0.8924874029183313
3830000,14.5,15.25,13.4375,0.7069035603802309,1.0416285912581391,0.8883449717273102
3840000,16.0625,16.4375,15,0.7161794989475264,1.044613647438024,0.8755155500894134
3850000,15.5,15.625,13.8125,0.6688664765899337,1.0289453086903313,0.8613049775589995
3860000,16.25,14.4375,14.6875,0.6485817030835818,1.0401943618116787,0.8422760113587691
3870000,17.6875,15.5625,14.75,0.7639507115352802,1.0388921382896197,0.8286172225080009
3880000,15.0625,14.25,15.1875,0.7608293833539823,1.0712410892345128,0.8419054443932186
3890000,15.5,15.4375,14.3125,0.7561885483725228,1.0398425119760308,0.8141864681294757
3900000,15.125,17.75,13.3125,0.7579825432815902,1.1069046783503997,0.8310385069297886
3910000,16.0625,15.4375,13.1875,0.7643620095277388,1.1015679133925744,0.8406645906799459
3920000,16.0625,16,13.875,0.7664298344219401,1.0875573871765465,0.8388359990686057
3930000,16.1875,16.5625,15.125,0.765374622,1.0958057445939202,0.7866294677548781
3940000,16.125,15.625,14.25,0.765656154,1.0959470954017436,0.7868691598434497
3950000,16.5,16.9375,14.875,0.7631274505265924,1.117712668441841,0.7979184485740415
3960000,16.4375,15.75,15.1875,0.7579470011876074,1.0933445471810581,0.7853956101022648
3970000,16.875,15.125,14.125,0.7843659127330584,1.0929933754045076,0.783609941
3980000,15.125,14.625,13.8125,0.7679865496981925,1.0542572424855858,0.7857299712011568
3990000,14.4375,15.1875,13.875,0.7370164496987364,1.057522995,0.7755148688334106
4000000,16.8125,15.1875,15.625,0.7611833837376213,1.057522995,0.8135327212262823
4010000,15.0625,13.875,13.25,0.7680450112902948,1.1073082071028006,0.8083836931818899
4020000,15.3125,15.5,14.4375,0.7723821423690912,1.0612547638764935,0.7997058546885107
4030000,15.75,15.9375,14.1875,0.7701554179619752,1.0383193344197452,0.7906262067821099
4040000,15.1875,14.625,13.5,0.7725768570181817,0.893505563,0.7683606270241938
4050000,15.1875,16.8125,14,0.7759055703003297,0.8783392767361873,0.7665089168041835
4060000,14.4375,15.25,13.75,0.8081753830157994,0.8745380554011384,0.7162547265696932
4070000,16.75,15.375,14.6875,0.8325175604789595,0.8463176661006199,0.7086924377079667
4080000,15,15.4375,15.0625,0.8341904715448282,0.8458320947275776,0.7030822943608882
4090000,14.8125,15.125,14.875,0.8432243466899337,0.8408488330594556,0.7004078245492034
4100000,15.375,15,14.125,0.8423959441522904,0.8408488330594556,0.7004078245492034
4110000,15.3125,15.25,15.9375,0.8094937754015682,0.8341339544839098,0.7160948584262146
4120000,15.6875,15.3125,14.1875,0.7952721512415236,0.8144180499334772,0.7166965293832374
4130000,14.6875,16.625,13.5,0.7864239592473337,0.838795854,0.714044756
4140000,13.8125,15.3125,15.25,0.8530708558247437,0.8220564214562451,0.7232911887187992
4150000,14.75,15.1875,15.125,0.8671031173349817,0.8236033981663995,0.7288104630780535
4160000,15.3125,16.4375,15.75,0.8589481045234667,0.8169473772779713,0.7679251602364849
4170000,13.1875,14.3125,13.8125,0.8653226135810844,0.847589974,0.7738224507888877
4180000,15.8125,14.75,14.4375,0.8661316803141221,0.826650648,0.7596984287112218
4190000,15.8125,16.5,15.375,0.8689652321656662,0.8453223429590181,0.780854785
4200000,15.25,16.5625,14.625,0.8677346149999158,0.7630568439680057,0.753133421
4210000,17.25,15.875,16.625,0.9225800318833982,0.765585781,0.8119859116325534
4220000,16.4375,15.5625,14.375,0.9332638969963795,0.7605814850509282,0.8021948161067854
4230000,15.625,15.5625,15.0625,0.9243668227433267,0.734832259,0.8008419823830542
4240000,15.75,15.125,13.875,0.917727312,0.7372722714837625,0.8092080748073556
4250000,15.8125,14.5,14.25,0.8992159140370892,0.7036089490341177,0.8093190384728238
4260000,15.25,16.25,14.0625,0.8795040072965336,0.7182110047985685,0.8051139751185094
4270000,15.3125,13.8125,14.5,0.8339751479593854,0.7737615243417705,0.8016937216144052
4280000,14.125,16.0625,14.125,0.862516138,0.7710206746560708,0.7940262778303693
4290000,16.625,17.375,13.75,0.8784926189839513,0.8487334207748662,0.7979634638598849
4300000,17.875,15.3125,13.75,0.9560872917693475,0.8475369994974955,0.7831399553434019
4310000,16.8125,15.6875,12.25,0.9865042083848437,0.7913669653520743,0.8550580574494859
4320000,16.25,16.75,14.5625,0.995914788,0.8211055109165007,0.8553415665115264
4330000,15.1875,17.375,13.4375,0.9965029550221634,0.8818084865187726,0.8739114739880173
4340000,15.375,15.9375,14,0.9951300238501016,0.8621829127279066,0.8604078824243906
4350000,16.625,17.6875,14.6875,1.0141974383548824,0.9149564440672612,0.8575041679132521
4360000,15.0625,16.5,14.25,0.9969624304073683,0.9217036052438538,0.8480268892465325
4370000,15.0625,16.375,15.1875,0.9751399840565637,0.9256700935681214,0.8571689946241177
4380000,16.25,14.3125,13.6875,0.9793668785285263,0.9623129203170728,0.8624536677544373
4390000,15.5,16.75,15.125,0.9695086480677982,0.9717290586916318,0.8679131109181041
4400000,16.25,15.4375,14.5,0.9764858446926646,0.9625158604455167,0.865675377
4410000,14.5,14.8125,13.875,0.9958697030823512,0.9746356709519367,0.8259986119217417
4420000,17.25,15.3125,16.8125,1.041757898303752,0.9746356709519367,0.9346076071327678
4430000,15.9375,15.125,15.1875,1.027786110430178,0.9694252837362475,0.9238445136195383
4440000,16,14.9375,14.125,0.9673736514963011,0.9776714249838043,0.9169955979851983
4450000,16.625,16.1875,15,0.9616478165048773,0.9752435777381555,0.9143673814902994
4460000,14.4375,15.6875,13.4375,0.9899277228928465,0.9671995843255505,0.9029405983441124
4470000,16.3125,17,15.8125,0.864769835,0.9540352140540466,0.929597923
4480000,15,14.6875,16.25,0.8795269798780628,0.9565567928714341,0.9833039580163749
4490000,14.9375,15.125,14,0.895252585,0.9565567928714339,0.9756394344400888
4500000,17.25,17.1875,13.875,0.9250878530818757,0.9804779981646886,0.9820794594406634
4510000,15.125,17.375,15.5,0.8982966999866966,1.021282595253534,0.9167017691816585
4520000,13.75,15.625,14.1875,0.9659244574351329,1.0207175045711272,0.9178251561389414
4530000,15.3125,16.125,13.625,0.96876738,1.020182909141016,0.9215866853846431
4540000,14.3125,16,14,1.0021438943872092,1.010276311,0.9194600528534101
4550000,14.1875,15.375,15.375,1.0375147139242342,0.9803406083261631,0.9361844217630504
4560000,16.1875,15.8125,14.3125,1.0402051528701257,0.9788165796264908,0.933898734
4570000,15.75,16.3125,13,1.0384058156285167,0.8956512111050827,0.9700086836026057
4580000,17.625,15.1875,13.3125,1.0561719943310783,0.9079885721342615,0.988811329
4590000,15.3125,15.875,13.8125,1.0470714668107841,0.8689342296182587,0.9875413748061976
4600000,14.0625,14.75,15.9375,1.0091090157892837,0.8885471198509285,1.020796680083286
4610000,15.9375,15,14.5625,0.9854727846041678,0.9032389037465985,0.9334947969429902
4620000,16.0625,17.25,15.5625,0.9816587570179238,0.9240753377755708,0.9529168205851536
4630000,15.75,16.25,13.375,0.9794127228136694,0.8842999211662809,0.9554930423729328
4640000,15.8125,16,13.1875,0.9793324939063239,0.884546141,0.9826279310411256
4650000,15.1875,15.125,14.8125,0.9627957076725745,0.8245514280329892,0.9836326680091542
4660000,15.25,16,14.9375,0.9600707326971796,0.8145586210497155,0.9850626475206155
4670000,16.125,15.5625,14.4375,0.9605079026403548,0.807107993,0.977705868
4680000,15.125,17.125,13.75,0.9562070364475541,0.7989306790235527,0.9759339212663197
4690000,16.25,15.5625,15.5,0.9642868545879513,0.7811680991553026,0.9862584039529957
4700000,14.125,17.0625,12.5,0.9916044846727339,0.8113691290070906,1.0540038093728634
4710000,16.5,15.25,13.8125,0.9881208945766408,0.7959014082938386,1.0552788758177716
4720000,17.3125,15.0625,14.0625,0.9918150123275262,0.8031345738281591,0.959581895
4730000,16.3125,15.8125,14.25,0.9987442726376593,0.7913329226944925,0.9473974673847236
4740000,15.25,16.125,15.25,0.9977187521207685,0.7721815640223935,0.960613074
4750000,15,15.3125,13.9375,0.9826279310411233,0.7781014139203228,0.9565919961647853
4760000,15.375,16,14.9375,0.9617411921560525,0.7774230983515684,0.9466270278653308
4770000,15.1875,15.25,14.3125,0.9528767695411218,0.7572713844538308,0.9080479093898176
4780000,16,17.8125,15.9375,0.9518206993327318,0.8066516975788707,0.8869995148634006
4790000,17.75,14.3125,14.25,1.0254944314929648,0.8476853203275542,0.8849115361007731
4800000,15.875,14.9375,14.1875,0.9807893438802523,0.8307358945156755,0.8810342015880587
4810000,15.3125,15.25,15.1875,0.9782935089507968,0.7848122807983654,0.8687817843355116
4820000,16.25,16.375,14.3125,0.9200141334497082,0.7919199534319464,0.8683061898707783
4830000,14.875,16.9375,12.875,0.929513395,0.8170600375033865,0.9000543765502271
4840000,14.9375,15,14.5,0.904741362,0.8298842055011098,0.8984966091250914
4850000,15.3125,15.25,13.0625,0.8626722924700279,0.8323476570078244,0.9057705330936643
4860000,15.75,16.125,16.25,0.8583075266738132,0.8346505394405995,0.9758234991210621
4870000,18.375,14.625,13.625,0.9864928299021575,0.855239199,0.9529168205851523
4880000,15.8125,17.6875,13.9375,0.9244178231631518,0.919010685,0.9361844217630502
4890000,15.1875,16.375,15.9375,0.9266881341576555,0.9245052459086542,0.972338783
4900000,17.5625,15,13.4375,0.9291268804945655,0.915427421,0.9463163041044391
4910000,16,16.1875,14,0.9293950417762364,0.9030897633622209,0.947660459
4920000,16.875,16.0625,13.5625,0.9473405948159818,0.8665981059861763,0.9286701033842059
4930000,13.5625,15.0625,12.625,1.037670495615711,0.8746817976420996,0.9630754735825138
4940000,17.5,16.5625,14.5625,1.0826665443544743,0.8849013882653822,0.9434913914536889
4950000,15.1875,16.125,13.6875,1.0826665443544745,0.8763357005494232,0.944433176
4960000,14.375,15.25,14.4375,1.1112041238607553,0.8828898189871951,0.9363354836441508
4970000,14.75,17.375,13.625,1.1270913670651261,0.9245999445550714,0.9420840990658609
4980000,16.5,15.4375,15.125,1.1270913670651261,0.898196729,0.9523040910846929
4990000,15.5,15.5,13.625,1.1258956364581458,0.8989337553745003,0.9291075505652359
5000000,15.4375,16.5,13.25,1.0828220499944181,0.8781271091519519,0.8912817073723901
5010000,14.3125,16,14.75,1.1111152268841806,0.8720316028558185,0.8929802870744347
5020000,14.9375,15.625,13.9375,1.0824923515166494,0.8606270268300444,0.8941761603550039
5030000,15.5,16.625,13.9375,1.0768428470494062,0.8717123169404707,0.8959444264182774
5040000,17.3125,16.75,14.25,1.1139725337882322,0.8849013882653813,0.875259095
5050000,15.9375,15.4375,12.6875,1.1055063982410123,0.882279347,0.9170445602994454
5060000,16.5,16,14.3125,1.1105392445984046,0.882279347,0.9058126669702562
5070000,16.25,15.6875,14.875,1.1068560016250646,0.8744969818497623,0.9152876251658272
5080000,14,15.25,16.0625,1.1564975270931215,0.8067184885866717,0.9239101221402404
5090000,15.5625,16,15.3125,1.0954369175036855,0.7533331108228588,0.9474448585841617
5100000,17,16.3125,14.5,1.1203127129122186,0.7343432831252971,0.9490429238261349
5110000,16.6875,14.75,13.8125,1.1300572790894627,0.7560341551002422,0.9331941347348572
5120000,17.75,17.9375,14.9375,1.182980662194665,0.8372635409887023,0.9435770470280906
5130000,16.9375,13.9375,14.75,1.1847953925157406,0.8961949617592903,0.9156113308579649
5140000,16.625,14.375,14.25,1.1770448701884193,0.9242138045978175,0.9143551053178305
5150000,16.875,14.75,16,1.1816610076790452,0.9399751807985247,0.9410827136073996
5160000,15.0625,16.75,14.9375,1.193658411061951,0.9532560089913614,0.8773572517090906
5170000,15.8125,16.6875,14.5625,1.106003812141421,0.934972647,0.869453376
5180000,15.625,15.9375,15.8125,1.1071054472201187,0.8743840196350119,0.9073578741498317
5190000,15.625,15.125,12.6875,1.1001995802486937,0.8795040072964722,0.9096707635120508
5200000,16.0625,15.1875,15.375,1.0561231050077096,0.8740270658175222,0.9167580936642681
5210000,15.6875,16.3125,13.8125,1.0563250245409106,0.8760384847277635,0.9198018160164823
5220000,17.3125,15.625,14.8125,1.0737215901531507,0.8759129063669562,0.9118596202015503
5230000,16.125,17.4375,14.8125,0.9815558403963494,0.9108619764980104,0.8524495636815019
5240000,15.625,15.25,16.0625,0.938768299,0.9098780430150499,0.9018360104005974
5250000,15.8125,13.625,13.375,0.9293950417762364,0.9956465041403377,0.9132766140938179
5260000,15.6875,15,15.75,0.8841094982439389,1.0012765738290443,0.9416908246316816
5270000,16.5,16.9375,14.4375,0.8588644643385479,0.9801001297662374,0.9262228830163306
5280000,15.125,17.8125,13.375,0.868926479,1.046932094428672,0.9443689927884776
5290000,16.625,15.375,13.1875,0.8720830896365194,1.0485690851998068,0.9616011252790966
5300000,16,13.8125,14.625,0.8653615283294817,1.1030363168904684,0.9329246590911423
5310000,16.75,15.25,13.8125,0.8113691290071624,1.1055246745480007,0.9410827136074005
5320000,15.25,13.8125,13.3125,0.797682077,1.1590551170534547,0.9607252446406042
5330000,18.25,14.0625,13.8125,0.8778586309094217,1.1795997793183068,0.9634320572946916
5340000,16.375,16,13.6875,0.8537048443150546,1.1616032105147367,0.9734256372545675
5350000,15.875,15.0625,14.3125,0.8543961704572703,1.1648455357370004,0.9149441757985458
5360000,16.875,16.1875,12.3125,0.8619615594010864,1.167923174,0.9990207130272946
5370000,15.625,15.4375,15.25,0.8680346740783998,1.1677386290378122,1.0068907701377536
5380000,16.0625,16.9375,14.875,0.7658320591462517,1.1939686942361905,0.9640842872545566
5390000,15.4375,15.75,15.125,0.7699717536617026,1.191876011,0.9586830945949558
5400000,16.8125,16.5625,14.3125,0.764291517,1.1980231711774787,0.9587041698798017
5410000,17.3125,13.625,12.625,0.7854413430984977,1.2420093014486806,1.0073455073928006
5420000,17.125,15.4375,14.125,0.7518535524740918,1.1574289190210305,1.0023790844900344
5430000,16.8125,15.8125,15.4375,0.7481298522730961,1.121972698896434,1.019793336
5440000,15.375,14.8125,14,0.7598018495468458,1.1091961467450224,1.0217638850447301
5450000,16.625,14.6875,14.625,0.7532973493593477,1.1107999893677045,0.9751676101143751
5460000,16,15.1875,14.5,0.7244479913986059,1.0887024334067277,0.9686839521422973
5470000,17.875,15.3125,14,0.7814180853666156,1.0653148986723682,0.9687465239092711
5480000,17.125,17.25,15.375,0.7863668640193856,1.1121250013726625,0.9478712727542344
5490000,15.8125,16.25,13.625,0.7813405119982912,1.1183572241225561,0.9088782242065606
5500000,16.9375,15.8125,15,0.7872713360775258,1.1176343326136522,0.895951943
5510000,15.5625,15.75,14.625,0.7912761816772651,1.109050411880333,0.8936362056807782
5520000,14.6875,15.6875,14.5,0.8262513367927582,1.1092953164680328,0.889342631
5530000,14.4375,15.6875,13.8125,0.891259038,1.0500260841040254,0.8880492472365089
5540000,15.875,16.1875,15.6875,0.8867337229418953,1.0570898432875002,0.8641569541347213
5550000,15.6875,15.5625,16.5625,0.8890093608496233,0.9957276731807307,0.9450343795060403
5560000,17,16.25,15.75,0.8943493790357909,0.9972596252017082,0.9450343795060403
5570000,15.0625,14.375,16,0.9192329542276136,0.9893832979916377,0.9915773165581874
5580000,16.75,15.1875,15.375,0.900630367,0.8913194887549957,0.9869296694364228
5590000,16.5625,17.0625,14.4375,0.8998448341657622,0.9392010429817004,0.9566201578666823
5600000,16.3125,16.9375,15.625,0.8984841161070392,0.9193916849756034,0.9777150526293571
5610000,16.875,16.5,15.9375,0.9010490374092787,0.9313278625938652,0.9991824963036718
5620000,15.75,15.25,14.8125,0.8858522424210455,0.8689755661022563,0.9685147563839342
5630000,18.0625,15.8125,16.25,0.8721448697611369,0.8130689873318846,0.9958809744291658
5640000,16.375,17.0625,14.9375,0.8721448697611369,0.8469567096985677,0.9757498774152946
5650000,13.9375,16.4375,15.1875,0.9701359662972728,0.8439189379617863,0.9739444072088685
5660000,15.1875,15.8125,14.25,0.9800199571332232,0.8411691584698613,0.859217266
5670000,15,15.4375,15.375,0.9984475197589194,0.8411691584698613,0.8613362547102397
5680000,16.0625,14.25,15.4375,0.9984475197589194,0.8603452594843644,0.8670642807509288
5690000,16.375,16.0625,15.4375,0.9900819221881453,0.8625473708463783,0.8715964181271378
5700000,16.9375,16,12.9375,0.9930975863891969,0.8499704186874124,0.9382898971184677
5710000,17.0625,16.875,15.5625,0.9843057241633739,0.7782745061329754,0.8439189379618626
5720000,17.4375,16.125,15.5,0.9962866579881274,0.7765909929958457,0.833555107
5730000,15.625,17.5625,13.3125,0.9941007748587698,0.8371991868416081,0.8854187795783348
5740000,15.875,14.4375,14.9375,0.9848803095493508,0.8566659888073557,0.8671652522516957
5750000,17.0625,17.75,15.3125,0.995150327,0.8897968901648844,0.866567019
5760000,17.5625,17.125,13.6875,1.0259737454910218,0.899365697,0.8950293772871367
5770000,15.75,15.5,14.625,0.9807870549342149,0.8946279648000451,0.8786765943573142
5780000,17.25,16.0625,15.25,0.9852905225329215,0.8662871834417122,0.877111574
5790000,15.9375,15.9375,14.1875,0.984022869,0.8653926588681934,0.8525575325246217
5800000,15.75,15.375,15.9375,0.9757958916323283,0.8726080812745892,0.8691822190341687
5810000,16.4375,16.5625,15.375,0.9714055649170527,0.8771115736573374,0.8675690207396937
5820000,17.25,16.3125,15.625,0.9502343933466864,0.876138422,0.8665437025943079
5830000,17,15.75,14.875,0.8960947560284593,0.8753206514278434,0.8329947228725036
5840000,14.875,16.125,14.625,0.9313953543123229,0.8750615741881608,0.8314814192601166
5850000,16.625,15.25,13.8125,0.9260653231596114,0.882889819,0.8166175507163894
5860000,15.75,16.1875,14.375,0.9227625159918639,0.882449813,0.8123728901457637
5870000,16.75,16.75,16.0625,0.8968460261049969,0.8333261493943049,0.8151895141411107
5880000,16.375,14.4375,14.5,0.893535713,0.8724923014513801,0.8158061602439985
5890000,15.25,15.875,14.75,0.9135199385678532,0.8536627683848049,0.8111560502955872
5900000,16.125,16.8125,14.375,0.9139548117869944,0.8494869352502674,0.8073833142269266
5910000,16.25,16.6875,14.375,0.906952017,0.8536075405789862,0.7888893737182788
5920000,15.5,16.25,14.75,0.912893062,0.8405470816983995,0.7890913951407393
5930000,15.5,15.625,14.125,0.8553205690629468,0.8433547925010296,0.7540718013619757
5940000,16.75,16.5625,14.875,0.8612528464494824,0.8280968738446226,0.7537174393951459
5950000,16,16.3125,14.4375,0.7518565383837794,0.8264686726996949,0.7522147614969359
5960000,17.75,15.0625,15.1875,0.7729835651254935,0.8453542114498896,0.749928157
5970000,14.8125,15,14.5625,0.7847693718246898,0.8596769976158823,0.742615103
5980000,14.9375,14.625,13.875,0.8235625102768026,0.8354248179439933,0.7482618748362309
5990000,14.75,17.25,12.9375,0.8696186119055347,0.8644816274481343,0.8015676988640231
6000000,16.25,16.1875,14.9375,0.8593635709794383,0.8646140591410367,0.7369433414488828
6010000,16.875,15.8125,14.1875,0.8535996506008202,0.8525680653381613,0.7235518632763455
6020000,16.6875,16.1875,14.6875,0.8267294003704457,0.8528497698217606,0.7054570999201032
6030000,17.1875,16.3125,13.375,0.8398630669725052,0.805412278,0.70154796
6040000,15.8125,15.6875,14.5,0.8408488330595258,0.7521401457511409,0.6992818822636298
6050000,16.4375,15.1875,15.125,0.8270660519634694,0.6952895958709644,0.693566495
6060000,16.4375,15.875,14.5625,0.7880351903354266,0.6596331105373754,0.671930548
6070000,16.375,16.8125,14.375,0.7848380250566407,0.6742652450554066,0.673532355
6080000,15.1875,14.8125,14.5,0.7790587084838108,0.7057593530147426,0.6632139397548527
6090000,14.625,17.1875,14.5625,0.825196446,0.7427088119245101,0.6587714968466436
6100000,15.4375,17,15.25,0.8314166175595233,0.7574936933085792,0.6218635381316121
6110000,16.3125,16,13.8125,0.8298057520932187,0.7504458684254012,0.6188780634917992
6120000,16.125,16.75,14.5,0.7991442082110947,0.7609474017800671,0.5835231628729832
6130000,16.125,16.125,14.875,0.7780206243758062,0.759565438,0.5835231628729832
6140000,18.6875,16.1875,14.75,0.8916946968953888,0.7599347985113453,0.5849218928111256
6150000,14.4375,17.375,13.5,0.9374856320738593,0.7836701021622315,0.6001713416749509
6160000,16,15.4375,14.125,0.9358366470090563,0.7926255158227669,0.6035433268737942
6170000,15.75,14.6875,15.8125,0.9281284468182189,0.8208183819164429,0.5823100116885661
6180000,17.8125,15.3125,14.75,0.9823445922834824,0.7776396463273998,0.5844957117627638
6190000,17.25,16.25,15.4375,0.9923852498881154,0.7780206243757275,0.6083854882382923
6200000,18,16.875,13.3125,1.0488709207206708,0.7802249021842866,0.6459318148867208
6210000,16.125,16.3125,14.375,1.0489222883293678,0.7725913859943155,0.6459318148867208
6220000,16.375,15.625,14.875,1.0409818150995291,0.7750283875038095,0.6482077689920906
6230000,16.4375,15.6875,14.625,1.0324390132555281,0.7740284046883172,0.645375487
6240000,16.25,16.5625,13.9375,1.0282556231000517,0.7740284046883172,0.648758208
6250000,16.8125,16.625,14.75,1.0323629052341734,0.7802249021842865,0.6509173731928134
6260000,15.9375,16.125,14.8125,0.9950488060577106,0.7587492543880732,0.6401504234594136
6270000,16.6875,16.5,15.25,0.9627117620459945,0.7353819673686657,0.6561901313688294
6280000,16.5,16.6875,14.4375,0.9297935169678788,0.6862940049329239,0.6462931714832224
6290000,16.875,15.125,14.875,0.8857331246507293,0.6818307263300701,0.5782050853198636
6300000,18.625,16,14.125,0.9741656649750025,0.6819591242342987,0.5790625164769353
6310000,16.5,15.3125,13.1875,0.9712299088885376,0.6953121973071613,0.6266107118422867
6320000,17.8125,15.875,16,1.0015455907757749,0.696102785,0.68326149
6330000,16.0625,17.3125,14.1875,0.9958809744291642,0.730840648,0.6505723883407287
6340000,16.8125,13.4375,14.4375,0.9901658146579988,0.8766430591528654,0.6509139242493625
6350000,17.75,17.75,13.75,1.0162473225990576,0.9151698856169846,0.6589077953391625
6360000,14.1875,18.75,15.5,1.1031889512087503,1.0316559197627782,0.6825547060303908
6370000,16.125,15.8125,14.9375,1.104815738524778,1.0278887664002991,0.6851252087934244
6380000,16.3125,16.8125,13,1.0791336590168457,1.000404013214235,0.743071445
6390000,16.4375,16.3125,14.8125,1.0201476996117214,0.984761772,0.7449060729188343
6400000,15.25,17.625,14.125,1.0277577144153809,1.008147484535218,0.7358458460815671
6410000,17.375,16.1875,14.3125,1.0376986203731005,1.007178348444151,0.7254234791747688
6420000,15.875,16.375,14.25,1.0424817213591393,1.003050752345854,0.7270062411786702
6430000,14.5625,16.0625,13.4375,1.1029121587348447,1.003352856189169,0.7487687450880842
6440000,14.875,16.5625,15.3125,1.0635960371177162,1.0050965670995884,0.7632804089970576
6450000,15.125,17.1875,16.125,1.0267611726916943,0.9983935552135383,0.7973555430728884
6460000,16.5,18.9375,13.0625,1.0238183544890191,1.100689194362415,0.8399191985289813
6470000,16.6875,14.3125,15.9375,1.0165234200478828,1.1222127829303983,0.846797657
6480000,16.6875,16,14.625,0.9853565964291982,1.1073487546242113,0.8459913291654256
6490000,16.1875,15.1875,15.875,0.9737853471371127,1.128007235471403,0.8657661380229775
6500000,16,16,15.0625,0.9272282109451317,1.1247704906376101,0.8386218682643146
6510000,16.8125,15.5,15,0.9306044298654255,1.134253134187324,0.8406004969082482
6520000,16,17.0625,14.75,0.9327441631287063,1.1362089269032734,0.8396064177825847
6530000,18.6875,16.6875,14,1.026938260603845,1.1315839428993155,0.8471130826003921
6540000,17.125,14.625,14.75,1.0346220122989025,1.1739050902519825,0.8382818232730447
6550000,14.3125,16.5625,16.0625,1.1020345115536392,1.173348451076513,0.8784312852970348
6560000,17.5625,15.375,14.75,1.120523100466143,1.1849090761227778,0.8781475612719716
6570000,16.875,16.5,14.3125,1.1226428050881492,1.1849090761227778,0.8732638769871737
6580000,15.75,16.25,15.75,1.1290555889718636,1.1822137329369853,0.8957038465627024
6590000,15.75,14.9375,15.1875,1.1311295341332936,1.1888433871363817,0.8998922349275235
6600000,14.6875,16.9375,15.9375,1.086094927293213,1.1945232420769565,0.9214112777778368
6610000,16.625,16.6875,15.8125,1.0874335261755865,1.1826390224710324,0.8922987272647285
6620000,16.5625,16.875,14.8125,1.047817329790499,1.1837319225093963,0.864769835
6630000,15.4375,16.8125,15.125,1.0565226557563885,1.1732470416283307,0.8589481045234696
6640000,18.5,17.9375,15.375,1.134268968082138,1.0730836969638633,0.8613362547102345
6650000,16.5,16.125,14.5625,1.098555739434178,1.0478751762769496,0.8377353203453438
6660000,15.75,16.5625,13.375,1.0361397917769317,0.9529168205850911,0.8730710470294002
6670000,16.1875,16.375,15.3125,1.0359816129154733,0.9472813489259484,0.8775644890669618
6680000,17.0625,15.1875,13.8125,1.0469492489539083,0.9678840679365955,0.8305088628452203
6690000,14.75,15.875,13.625,1.0817454930720558,0.9713685873401708,0.8603269936016386
6700000,17.9375,15.4375,15.25,1.1110647140696481,0.951178942,0.8537258815024994
6710000,17.125,16.8125,14.625,1.1035714617841759,0.9568735758865214,0.8488074798981966
6720000,16.0625,15.5,13.5,1.101708524906052,0.9664820969258221,0.8780120571005198
6730000,18.4375,17.3125,15.125,1.119256170409657,0.9858007714135316,0.8383889389365339
6740000,16.625,15,14,1.080973197244506,1.0108183672409683,0.8499492885481705
6750000,17.625,15.625,16.5,1.0694477875999313,0.9993712103577561,0.8718230503001028
6760000,16.9375,15.9375,14.3125,1.0715763444893014,0.8517434790023107,0.8105469453244548
6770000,16,14.375,13.5625,1.0764278975752393,0.8473701075314743,0.8220427667371818
6780000,16.0625,16.0625,15.1875,1.079759661556324,0.8472720762921077,0.8237369511289787
6790000,16,14.5625,14.25,1.0823575401999452,0.8769067893689445,0.8068409244076208
6800000,16.625,16,15,1.0779097215519402,0.8769067893689445,0.8061923596076489
6810000,15.6875,15.8125,14.9375,1.087836022865472,0.8719904112424756,0.8057048968122386
6820000,17.25,16.0625,17.8125,1.0916266334679825,0.8512293552444348,0.9768880922744829
6830000,17.5,15.5625,14.75,1.0313098641628664,0.8458957920996683,0.9628889720076169
6840000,16.8125,18.1875,13.3125,1.0264550227814142,0.8962826325837376,1.0060543198755834
6850000,15.625,16.5,14.4375,0.9555235859338855,0.8952626155838519,0.9828106868896272
6860000,16.625,15.5,14.75,0.9361916157386799,0.8920269642141029,0.9828106868896272
6870000,16.0625,16.625,14.4375,0.9370952191280957,0.8941987559988305,0.980890052
6880000,16.8125,16.3125,14.75,0.9283799695255072,0.894597852,0.9648663812263244
6890000,15.1875,14.8125,16.0625,0.9499153962630363,0.9005505978623943,0.9904559824449608
6900000,16.375,15.3125,15.5,0.8866121915251386,0.8980842477696207,0.9764099737209275
6910000,17.1875,14.6875,16.3125,0.8939878411128199,0.9236379378467827,0.9983823122328457
6920000,16,16.1875,14.625,0.9001815749148508,0.909384443,0.998969027
6930000,16.5,15.5625,16.1875,0.8751154480489315,0.8979567523121373,1.0290413041988253
6940000,16.25,16.4375,14.25,0.7992369070687234,0.8205803989201346,1.0294339198814035
6950000,15.25,17.0625,14.5,0.832153439,0.847748878,1.0300029467930623
6960000,17.3125,16.5625,15.3125,0.833972456,0.847748878,0.9976714988112684
6970000,16.5625,17.0625,14.5,0.8314814192601071,0.869804464,0.9961784918596521
6980000,14.8125,15.3125,14.0625,0.8827753876596026,0.8664115658489066,0.9883049062125367
6990000,15.875,17.8125,14.75,0.8296325872849665,0.9315182730915267,0.9612765586065903
7000000,17.125,16.5,15.4375,0.7937123825822917,0.9295906782143203,0.9643334157757377
7010000,15.875,16.375,13.375,0.7913329226945641,0.9203654477821491,1.002502257
7020000,15.75,16.5625,14.5625,0.7984359711336227,0.920075135,0.9714517849087476
7030000,15.3125,16.1875,14.4375,0.7275248346672192,0.8895268865506671,0.9737115713279902
7040000,19,15.8125,16.0625,0.8758616447189287,0.8695850509981825,0.9834774575366998
7050000,16.6875,16.875,15.1875,0.8468930921213438,0.8786254939510125,0.9394950037488534
7060000,17.0625,16.625,15,0.8500892659347979,0.883530361,0.9333504911703367
7070000,17.3125,15.75,14.6875,0.8638971276295161,0.8240639281988936,0.899305787
7080000,16.25,16.625,13.6875,0.8619224911482575,0.8282459654657638,0.9268044104502188
7090000,16.125,17.125,14.75,0.8601077727513092,0.7873397711470282,0.9192158585122009
7100000,14.9375,16.9375,15.1875,0.9009294370675237,0.7952128681976268,0.9204532554140876
7110000,15.6875,18.4375,13.4375,0.9009294370675237,0.8805142338951275,0.9594321536572333
7120000,15.625,15.125,15.75,0.895079541,0.9083371230016739,0.8024214655238392
7130000,15.875,17,14.3125,0.8698122072391051,0.9033780792242846,0.8073610695047271
7140000,15.1875,16.1875,16.375,0.8848481102206274,0.8380327264341663,0.8080420363269213
7150000,16.875,15.5625,15.375,0.8858623793640347,0.8488524412134258,0.8080837095309426
7160000,16.5,15.0625,16.625,0.8843303850287814,0.8666058776205054,0.8649255831387517
7170000,16.125,16.5625,15.875,0.8839571303708278,0.8658309617415599,0.8734206806258491
7180000,16.25,17.6875,15.9375,0.8775107655625978,0.9031320223049415,0.8870374786365237
7190000,16.4375,16.6875,14.5,0.8557509137809183,0.8584775224833583,0.8725566254721044
7200000,18.375,17.125,15.5625,0.9380888955009344,0.8437140796951486,0.8738189895149198
7210000,16.0625,16.4375,13.6875,0.9253377761661384,0.7753845912628037,0.8714418623983606
7220000,16.75,15.6875,16.3125,0.9270829297429567,0.787793003,0.9046818080688196
7230000,16.625,16.6875,15.0625,0.9281768218630394,0.7685797283630005,0.8761819808155384
7240000,17.9375,16.75,16.1875,0.9732526524879377,0.7694117444328706,0.8938748305236991
7250000,15.8125,17.5625,14.75,0.9558876839712445,0.7863582993775601,0.8900491559459477
7260000,16.5,16.6875,16.375,0.9406532220725639,0.7867236412131305,0.9224340186041791
7270000,15.875,15.625,14.9375,0.9443475975812959,0.7987733052020565,0.9167091160495624
7280000,15.6875,16.8125,15.125,0.9078995589796792,0.7673987634007068,0.896545594
7290000,17.375,17.5,16.625,0.9201605307221908,0.751808762,0.9350806906297444
7300000,16.75,17.125,13.4375,0.9129594576236456,0.7589415506472278,0.9855023990069076
7310000,16,16,16.0625,0.9106647818092449,0.7653746218562368,0.9439766702747916
7320000,16.625,15.8125,14.5,0.9022740268567654,0.7774577500809213,0.945490374
7330000,16.0625,15,14.5,0.8796571465078833,0.8245840992776775,0.9438339671104016
7340000,16.25,16.3125,14.4375,0.7401290078600863,0.8152969101647002,0.9389978455902243
7350000,17.8125,16.8125,15.6875,0.7831055550466494,0.8144180499334728,0.944262012
7360000,17.9375,17.375,14,0.8229489481519865,0.8294296137680226,0.9674107817725359
7370000,17.5625,17,16.75,0.8331429380199455,0.8199563916424886,1.0076953370148505
7380000,16.75,17.25,13.125,0.8337463057183182,0.8291047527857509,1.041359150010427
7390000,17.5625,16.8125,14.25,0.8537574363117215,0.8242028541733847,1.052339006716735
7400000,16.0625,18.0625,15.5,0.8048350878771702,0.865247373,1.054182709659441
7410000,16,14.5625,15.875,0.7950547584698858,0.8745277871941423,1.009117914575564
7420000,16.3125,15.9375,14.625,0.7764175254659477,0.8426091158576474,1.010798379
7430000,17,15.25,13.4375,0.7674133904107352,0.8686163897090796,1.0495449205393634
7440000,15.8125,16.5,14.625,0.7345297434179282,0.8670513348362658,1.0294688118067745
7450000,16.75,15.6875,16,0.7336000282421422,0.8628050018772137,1.0409624056060578
7460000,16.5,17.625,16.1875,0.7336000282421422,0.8443657289322977,1.0224250141124542
7470000,16.1875,16,15.125,0.7321388521658067,0.8506357494021093,1.0127354451665278
7480000,15.25,17.25,15.25,0.7728092878598118,0.8339751479593154,1.0009872999757474
7490000,17.5625,16.4375,16.4375,0.7906943514856763,0.8336089702191636,1.0242853024168705
7500000,17.1875,16.5625,15.6875,0.7291184302600766,0.825889889,1.0262822264530487
7510000,15.6875,17.1875,15.1875,0.7420828533303997,0.8351022891438523,0.9883049062125372
7520000,16.75,16.5,14.8125,0.7420828533303997,0.8199016315051434,0.967923498
7530000,18,18.25,13.875,0.7845290382017094,0.8762204132771875,0.995599152
7540000,17.0625,15.5625,14.5,0.7506253379606874,0.8961949617592853,0.9803222882262733
7550000,16.375,17.125,14.5,0.736577691,0.8829279594673419,0.9840707772006662
7560000,17.0625,16.75,16.9375,0.739998568,0.8833270643347093,1.015097951221854
7570000,16.5,18.0625,13.9375,0.7257854692771706,0.9065137844397501,1.035695529528418
7580000,15,16.4375,14.25,0.7678783840190893,0.9066029336541506,1.0453011307862827
7590000,15.9375,15.8125,15,0.7664649831547357,0.9027839485494793,0.9995149685792033
7600000,17.125,14.8125,14.9375,0.7718587851385074,0.9510845291608758,0.9578959521641724
7610000,16.0625,16.8125,14.0625,0.7702020558896489,0.9481649131802842,0.9509712216297128
7620000,17.5625,13.9375,16.1875,0.7889918135802434,1.0523923382563463,0.9740826992022548
7630000,14.375,14.9375,17.0625,0.8868653631830953,1.0554320355234463,1.039805809124833
7640000,16.8125,16.125,16.25,0.8851550492467332,1.0568540831926088,1.0540464074333171
7650000,15.8125,14.6875,14.875,0.8672817432221941,1.101830781,1.049801568551613
7660000,16.6875,16.4375,15.0625,0.8275436448885906,1.0857290045238452,1.0288340299615826
7670000,16.4375,15.5625,13.875,0.8033609581147694,1.0875821576840146,1.007739892577468
7680000,16.5,15.0625,16.25,0.8016825203943511,1.094854737648652,0.9626208126895462
7690000,16.9375,18.25,15.8125,0.7799946811269286,1.151447193477751,0.954364596
7700000,17.6875,15.8125,14.5625,0.808508654,1.1031258649177569,0.9596778112662998
7710000,17.4375,17.4375,13.125,0.8204901114508307,1.0808070400208325,1.019760314553388
7720000,15.5625,15.8125,15.5,0.8390607775994767,1.0824674645371943,1.0187735788118728
7730000,16.75,17.4375,15.1875,0.8353710717916312,1.0837007555530165,0.9685448892985296
7740000,16.875,17.375,14,0.8271529075517751,1.0991931471368512,0.9871866773410357
7750000,16.125,18.375,14.5625,0.8297543475625434,1.148245241061621,0.9792568434876191
7760000,15.6875,14.9375,15.25,0.8438098637767801,1.160704180832597,0.9580857688731919
7770000,15.125,14.875,15.75,0.8789448227487741,1.1915576471311633,0.966112697
7780000,16.3125,16.375,16.0625,0.849219977,1.1795217470331398,0.9820223093657537
7790000,15.1875,15.9375,14.3125,0.8574177685849238,1.1814083014405379,0.9598532424941484
7800000,18.75,16,15.125,0.9482406765938797,1.1816990039428457,0.9523512381192245
7810000,15.625,17.625,15.6875,0.9500926300878345,1.195778013458701,0.9596029508478784
7820000,17.875,16.8125,16.125,0.9831190103470886,1.1988998339234112,0.9784311862399883
7830000,16.5,16.3125,15.625,0.9419196588235397,1.1418753479889132,0.95554943
7840000,15.875,16.375,14.875,0.9406054886853047,1.1346192364760888,0.9492416059343776
7850000,17.3125,19.1875,14.3125,0.9545715774900365,1.2448961896433286,0.9543293102862129
7860000,17.125,16.0625,15.4375,0.956021543,1.2435267012047502,0.8950118192567569
7870000,16.6875,15.8125,14.875,0.9569580336467279,1.2021536140533717,0.8689342296183258
7880000,15.5,16.125,16.8125,0.9347805385075718,1.2018080846848083,0.9043343308183356
7890000,14.9375,15.75,16,0.9717082659024165,1.2026241213691102,0.9143673814903004
7900000,17.125,16.5,15.75,0.9717082659024165,1.1728719418393452,0.9167580936642697
7910000,17.8125,15.375,15.1875,1.0002693602742914,1.1802010257608109,0.8878267570730274
7920000,16.1875,16.25,15,0.9812264346683932,1.096960599780702,0.8740270658175893
7930000,16.3125,16.6875,16.9375,0.9000643535421967,1.0669825995844844,0.8654782620762534
7940000,16.9375,16.9375,13.5625,0.9017588377370486,1.0706142995720949,0.8992833193748463
7950000,16.9375,16.6875,15.75,0.8945602086802842,1.0210187786051432,0.9031195934094746
7960000,17.0625,15.625,15.125,0.8990061762219145,1.0326999124602334,0.9028336815877497
7970000,16.9375,17.1875,15.25,0.9010415628530107,1.0273731988207317,0.8666602771095693
7980000,18.5,16.8125,16.25,0.9658431081096186,0.992011917,0.8666602771095693
7990000,17.125,16.1875,16.125,0.968329302,0.9408823086221418,0.8753591217061248
8000000,15.625,15.6875,16.125,0.9662614031089214,0.9442548794148862,0.8782395899177774
8010000,16.625,16.0625,15.625,0.9530934962760835,0.9297065914923582,0.7750399739413393
8020000,18.1875,16.375,13.875,0.9778987266278243,0.9222660747548123,0.8235297985034201
8030000,17.8125,16.125,15.6875,1.0004690889720662,0.9051878932721139,0.8251420332282772
8040000,15.6875,16.625,14.0625,1.0162473225990538,0.8879405374170486,0.8216384842804467
8050000,17,17.0625,15.875,1.0132119321940105,0.8161775746326928,0.8119997354694114
8060000,15.3125,17.5,15.75,1.0280722111138196,0.7975835676678429,0.8136348175805934
8070000,18,16.125,15,1.0133005562228163,0.7443543497478045,0.815024262
8080000,17.625,14.875,15.1875,1.0215023904136393,0.7994952834965974,0.8063399330578719
8090000,16.75,15.0625,14.6875,0.9748913143077709,0.833070181,0.7920475112375307
8100000,18.75,16.875,16.25,0.9748913143077709,0.83412588,0.8056045821717918
8110000,16.375,15.75,17.0625,0.9515093122321279,0.8108709353840143,0.8583206044698953
8120000,17.8125,16.125,15.5,0.9493291074808745,0.8073610695046523,0.8494869352503397
8130000,17.6875,17.375,14.0625,0.9576052956719376,0.8292347124507663,0.8856494791959713
8140000,15.3125,17.875,13.9375,0.9839338890335033,0.8734103992824244,0.9206605457590417
8150000,16.5,15.5625,13.3125,0.9834295199401653,0.7139472848710083,0.9766237768131988
8160000,18.0625,17.5,16.6875,1.0062774412621958,0.7448819624148556,1.0073120778222269
8170000,17.375,16.5625,15.3125,1.008948824215156,0.7387810323722958,1.0029500308429682
8180000,17.5625,15.875,14.75,0.9780020280930457,0.7430956142744988,0.9724218972567733
8190000,17.4375,17.8125,16.5625,0.8997649956593553,0.7786349913230303,0.9911697054781115
8200000,16.4375,15.6875,15.25,0.9073356062113608,0.7903535692130377,0.9882662893273171
8210000,17.375,16.8125,15.75,0.8982667097786929,0.7688279677310713,0.9909001371968048
8220000,18.125,17.25,16.25,0.9042126822339589,0.781156604,1.0021640557016227
8230000,14.75,17.5625,15.5625,0.9923400049100684,0.8047792988313991,0.9592566454196207
8240000,16.0625,16.75,15.375,1.0086751047557931,0.8021388434291804,0.8986340208607569
8250000,14.625,17.1875,17,1.0999853055445246,0.8110453379619768,0.9432914981991561
8260000,16.25,17.5,15.6875,1.1070993638499074,0.8112114007961065,0.9423700137505374
8270000,15.625,14.9375,13.75,1.1321531845706312,0.856946346,0.9923852498881157
8280000,16.6875,15.4375,14.6875,1.0902622964223283,0.8771115736573369,0.9877936781407378
8290000,17.0625,18.5625,14.375,1.0897164953463692,0.954430458,0.9926182288654366
8300000,16.375,16.4375,14.6875,1.0698570508229082,0.9407844763995921,0.9860945002918537
8310000,16.8125,16.75,16.375,1.0690950659588507,0.9362323805563824,1.0051970735180686
8320000,17.875,16.25,16.125,1.0570473678748378,0.9375359188521274,0.9806153687541698
8330000,16.375,16,14.875,1.0438246325441047,0.9399656274285237,0.9822508897144976
8340000,16.5625,17.375,14.6875,1.0240047207427982,0.9508508175832959,0.9609472099080052
8350000,16.375,17.8125,15.25,1.0265446904235926,0.9726435013647592,0.9558407113726303
8360000,16.25,16.5625,15.75,0.9935044065061889,0.9590108799258035,0.9558407113726303
8370000,17.5,17.25,15.5,0.9772465276797648,0.9614516981190808,0.9543363674821081
8380000,16.8125,17,14.6875,0.9651362426901765,0.9029903227546121,0.961461038
8390000,15.625,18.1875,14.625,0.9881413420061411,0.885669758,0.962956583
8400000,16.25,14.9375,14.6875,0.9162804502475407,0.9498964893698758,0.9532913341765912
8410000,19.3125,14.875,16.5625,1.0336994160580284,0.9942565848960562,0.9248330076041382
8420000,17.875,17.625,14.875,1.0359491074184135,1.0006306380730845,0.9261428944388834
8430000,17.5625,17.125,14.375,1.0323542068173217,0.996511966,0.9142004114205331
8440000,17.625,17.125,14.5625,1.0065250480807129,0.9770190743029008,0.8902130903690763
8450000,15.5625,13.9375,15.5,1.0316058685871927,1.0839596719446123,0.8108570923029693
8460000,16.25,15.9375,15.375,1.0083078034196054,1.0812120035181336,0.7698784470784696
8470000,17.375,16.5,14.4375,1.0083078034196054,1.081421694228065,0.7855585217487283
8480000,17.875,14.8125,15.5,1.0185972754149928,1.1237540993749662,0.7805355928986858
8490000,17.25,15.3125,14.75,1.0148413754087222,1.1234344151117337,0.7480818382915745
8500000,17.3125,18.6875,15.8125,1.0181188987314354,1.179217181404474,0.7556331791530031
8510000,18.25,16.25,14.375,1.0478751762770024,1.180467302876658,0.7657617019644518
8520000,15.5625,15.75,14.0625,1.0412664461038281,1.1836579559185023,0.766684626
8530000,18,16.1875,15.8125,0.9970524987907684,1.1695539754268518,0.7728906221408003
8540000,17.5,16.3125,16.125,0.9933688183124586,1.1690836007391485,0.792713313
8550000,16.8125,16.875,16.5,0.8978967481856627,1.164012657557466,0.7572091262786194
8560000,17.4375,16.875,14.625,0.8920345143057709,1.1505890077065504,0.7558470594630502
8570000,17,16.1875,15.5625,0.8539020476006839,1.1158009113863219,0.7146732836051318
8580000,18.125,14.9375,14.0625,0.8736879530861722,1.1357425320634527,0.7379783661907761
8590000,15.4375,16.4375,17.125,0.9240777671969364,1.0655614278910281,0.8060475443038415
8600000,17.875,18.75,15.5625,0.927917986,1.1480399338242306,0.8011194574204052
8610000,17.8125,13,15.625,0.9358582367901161,1.3110521570939357,0.776807773
8620000,17.75,16.8125,14.75,0.9326286273803118,1.3134079371934413,0.7635979940726766
8630000,16.1875,16.1875,16.0625,0.9383377483002304,1.311976496582991,0.7768337824623779
8640000,16.75,16.625,13.0625,0.9352247294315517,1.2995979152719823,0.867964842
8650000,17.875,15,14.5,0.9346484410372827,1.2928173174811983,0.8767966980507703
8660000,16.25,15.625,15.0625,0.9346484410372827,1.2967964506747887,0.8698122072391019
8670000,18.3125,16.625,15.25,0.9563478933440164,1.2849356506988014,0.8674137474097879
8680000,16.3125,15.75,13.9375,0.9674014993370798,1.278911343345543,0.8910675826118339
8690000,17.8125,17.0625,15.25,0.9285274655660084,1.2335556261306544,0.8867742297128663
8700000,17.125,17.1875,13.9375,0.9097892147250237,1.2264593699780142,0.9098064875717662
8710000,17.6875,16.6875,14.5625,0.8289531074255256,1.2027137209411898,0.8714109479631129
8720000,17.875,17.25,15.375,0.8289531074255256,1.1900588733866946,0.8730581901845732
8730000,15.9375,17.3125,15.25,0.8582892174245327,1.1952371957159635,0.8643024228596186
8740000,17.4375,17.25,16.25,0.855499031,1.1985458742341282,0.8842009063647135
8750000,17.6875,16.6875,16.375,0.8053119264301661,1.1162736270040605,0.9106771077282658
8760000,17.75,17.75,15.75,0.7888182270982268,1.1412480092767452,0.916221646
8770000,18.5625,15.375,12.75,0.8228534640359445,1.1570021241250414,1.0101763104334847
8780000,16.3125,16.75,15.3125,0.8357794558677937,1.119647227385964,1.0083278414878907
8790000,16.125,18.3125,17.0625,0.8613988056057083,1.1481572567409357,1.0662248770807392
8800000,17.125,17.5625,14.1875,0.8614535339134922,1.092983105526106,1.0748396031101022
8810000,17.5,17.0625,14.1875,0.8412652323090762,1.0963157508558776,1.079959240530394
8820000,15.75,17.6875,15.5625,0.8293078058125941,1.1052301861457599,1.063368053112092
8830000,18.1875,17.375,15.125,0.8361903252594839,1.1110424877036582,1.0566820088447526
8840000,15.6875,17.75,14.625,0.8789320518243873,1.1271451451170318,1.0447855606851488
8850000,17.75,16.4375,17.0625,0.8831745614738757,1.1275215196610775,1.0752259352255684
8860000,15.9375,14.8125,14.75,0.910213538,1.1768388643495986,1.0734539303190103
8870000,16.5625,16,16.3125,0.9158760958713767,1.1796454543584187,1.0924098933093245
8880000,16.375,18.4375,14,0.9051060457333594,1.182413106,1.094625060460702
8890000,18.125,16.5,16,0.8715268714410174,1.1819554467749174,1.0428240696445272
8900000,17.625,17.3125,14.5,0.8655093884163655,1.124602819415262,1.0452001850000918
8910000,16.6875,17.125,13.375,0.8597005000072603,0.8871513602083445,1.084812623
8920000,18.8125,16.6875,15.4375,0.9078501034559158,0.8874347353370468,1.0864731246445076
8930000,15.875,16,15.25,0.9208263444370414,0.8925880136260744,1.0698255745950167
8940000,17.75,16.3125,14.6875,0.9247965953744538,0.8965155448325547,1.0075616585051967
8950000,18.4375,16.125,14.875,0.9452600292980735,0.840880871,1.0027373633348238
8960000,16.375,16.8125,16.3125,0.9412902309334054,0.8097156092209581,1.0281180671778705
8970000,17.25,18.125,15.1875,0.9170151832246056,0.840023433,1.0278887664003546
8980000,17.125,16.4375,14.9375,0.9033880195094423,0.8161363147142624,1.004560363038775
8990000,17.75,15.5,16.625,0.901938067,0.8568625105983696,1.0404015305773424
9000000,16.0625,15.625,13.125,0.9244639639757434,0.8850231546097415,1.0837359718166069
9010000,17.4375,15.6875,15.1875,0.9204532554140858,0.9092856905032648,1.0778368243049021
9020000,14.875,16.3125,14.1875,0.996455644,0.9094708421074611,1.0921858684603356
9030000,15.6875,16.75,13.6875,1.0068907701377523,0.9036985983220134,1.123644218168312
9040000,18.125,17.3125,14.3125,1.0243729684291585,0.904957213,1.1102481083384261
9050000,15.375,15.3125,14.9375,1.060626305971915,0.9424915012269525,1.0805993075630924
9060000,17.25,16.125,15.6875,1.0517841983981744,0.9271313593397874,1.0791170161214427
9070000,17,18.25,14.9375,1.0069108364057637,0.9388639503364455,0.9941481978899849
9080000,16.4375,17.375,14.3125,1.0046609230991266,0.9457728853031729,1.0017069662653124
9090000,17.5625,17.5,15.6875,1.0005924968875572,0.9111010178104011,0.9339371956105587
9100000,16.75,16.125,15,1.0006732647366527,0.9043318483576701,0.9222076523338311
9110000,16.9375,17.875,14.25,0.995023988,0.9275598510602038,0.9203874004755339
9120000,17.9375,16.4375,15.6875,0.986538343,0.9106573861776872,0.9233097519189286
9130000,18.3125,16.875,13.4375,0.9920119171049565,0.9020575339412711,0.9659802358703002
9140000,16.75,17.125,14.5,0.9622102676328191,0.8831440577414965,0.9676799336676747
9150000,17.125,17,16.25,0.9528320046173296,0.8845842097493649,0.9162804502475392
9160000,17.3125,16.1875,15.8125,0.9322915663327986,0.8185835467369732,0.9301290696494671
9170000,16.1875,16.875,15.875,0.9416073816655152,0.807994804,0.9112685557766234
9180000,17.625,16.3125,16.0625,0.9386463298129681,0.7444719643795219,0.9160525633666782
9190000,16.6875,17.5,14,0.9202581159653472,0.758997751,0.9138540968584176
9200000,17.3125,16.4375,15.6875,0.9151330889014937,0.7514234576080625,0.9199482470763981
9210000,16.625,14.875,15.625,0.9160035480281123,0.8141947400423454,0.8754745223979417
9220000,18.3125,16.375,13.8125,0.8864298631583554,0.8149801889207566,0.900712621
9230000,17.625,16.5625,14.1875,0.8666369634609824,0.8074834078932935,0.9112858005833924
9240000,18.125,17.9375,16.375,0.8794427441453909,0.8410490507378893,0.9451769014317306
9250000,16.25,15.25,16.8125,0.85323137,0.8746817976420997,0.9996407400638946
9260000,15.75,16.1875,15.4375,0.8764893933238926,0.8776028609850665,0.9750018420260093
9270000,16.875,17.125,17.125,0.8752590954657326,0.8360157975738749,1.045741312295478
9280000,18.3125,15.375,15.1875,0.9085916536616097,0.8640764162739883,1.0452431418453803
9290000,15.4375,16.5625,15.6875,0.9413689324351602,0.8414760225649349,1.012413966828774
9300000,16.8125,16.9375,15.5,0.9272403166844869,0.8243254164717704,0.943500909
9310000,18.25,18.4375,16.0625,0.9531594468055031,0.8688954748785064,0.957323931
9320000,15.0625,14.125,17.25,0.9393444499701612,0.9871753067246336,1.0071605165188786
9330000,15.9375,15.8125,16.125,0.9284017327100054,0.9982676265963566,0.969691561
9340000,16.6875,17.8125,15.75,0.9052548539360629,1.0145072872678234,0.9500571859679228
9350000,17,15.875,15.75,0.8547114186645056,0.9944530062346701,0.9469495034420043
9360000,18.75,17.125,18.25,0.9113350696618074,0.9932964970412711,1.0748751096926914
9370000,17.75,17.4375,14.125,0.919926284,0.9593689743904408,1.1007116297896178
9380000,16.9375,16.25,15.8125,0.9123198924757617,0.9519268307448489,1.0777597561396126
9390000,19,19.5625,14.625,0.9731696088780039,1.0837421863325054,1.0911679291991392
9400000,16.625,16.5625,14.1875,0.975197537,1.0789609764922363,1.1147441204254374
9410000,17.375,16.9375,15.75,0.975278107,1.0569199313946576,1.0897164953463718
9420000,17.4375,15.4375,14.875,0.9657292075416066,1.0797825318516372,1.0964713681656217
9430000,16.5,17.8125,16.875,0.9464586329922753,1.100509694479633,1.0486975364654008
9440000,16,16.875,14.375,0.9652292808733381,1.097813674311686,1.0536437870006885
9450000,16.875,16.0625,15.125,0.9656943373350642,1.1009074104740868,1.051263265801237
9460000,15.6875,16.5625,15.25,0.9954570839742775,1.097942498441988,1.0524350015423083
9470000,15.5625,17.625,14.25,1.0191701499456893,1.112082609289901,1.0785114562242677
9480000,17.5,17.875,14.5,1.0166647529189132,1.131742645317327,1.089642327692415
9490000,16.375,17.6875,15.1875,1.0212364322598373,1.1367600536349816,1.0550767560736947
9500000,18.1875,18.25,15.8125,1.0439429152711928,1.1691162450929353,1.0560125642811427
9510000,16.1875,17.5,16.75,1.0522045992478124,1.1190074271989483,1.0794768615122439
9520000,17.25,18.0625,15.75,1.0230374399054827,1.1358354310536158,1.0280285367702044
9530000,16.375,17.6875,15.125,1.019520326134985,1.1421505602585071,0.9965930649312488
9540000,17,15.875,15.125,0.9930975863891931,1.1432527104964345,0.9916248602701738
9550000,18.375,16.6875,14.9375,1.023528871392889,1.101527153076804,0.972421897
9560000,16.6875,16.6875,15.9375,1.000334444791776,1.0935416468216035,0.9746725245806963
9570000,17.4375,14.8125,15.25,1.0039433743247994,1.1605358979377896,0.9305561810200266
9580000,16.3125,18.1875,16.4375,0.9784311862399849,1.1485482465759176,0.9436841055628986
9590000,16.875,15.75,14.625,0.9380721434220596,1.1679250961309058,0.9580927983994668
9600000,17.375,16.6875,15.25,0.9406317423480527,1.1688627473430784,0.9592917496359665
9610000,15.5,15.5,15.5,0.946494212,1.1617095013458467,0.9534820675613219
9620000,16.3125,17.9375,15.875,0.8891608629657366,1.0587132486259268,0.8971163293204661
9630000,17.5,17.125,13.8125,0.8747151629984473,1.0363456048267146,0.9347517188334892
9640000,17.125,16.1875,15.5625,0.8732947258291498,1.0353313090698075,0.9326960249728169
9650000,18.4375,14.9375,14.875,0.9121057840004022,1.0821189867277785,0.9336390804113535
9660000,17.8125,15.3125,14.75,0.8665540654084735,1.1203688201228297,0.7579470011876086
9670000,16.4375,16.1875,14.4375,0.8611511817089437,1.1214903748670848,0.7445443333797588
9680000,16.8125,15.25,15.75,0.861609881,1.1534477926394424,0.7429173475864735
9690000,16.1875,18.5625,14.75,0.7818201942211777,1.0827722906194581,0.7398165206289298
9700000,16.9375,18.1875,16.1875,0.7805125830128978,1.1130753710370065,0.7333796599134761
9710000,18.3125,16.625,15.6875,0.8187919507547551,1.113287126295228,0.7321143212029376
9720000,16.875,15.6875,16.3125,0.812773495,1.1036467275074506,0.7509841483626983
9730000,16.5,15.5,15.6875,0.812773495,1.1116707163585673,0.6963446225350107
9740000,15.5625,15.625,15.625,0.8330351478007099,1.1293021189487091,0.6764591508426164
9750000,15,16.8125,15.0625,0.9009294370675189,1.1232745388617813,0.6772319686546915
9760000,16.6875,16.5625,16.625,0.8758616447189248,1.1232745388617813,0.7166338788945184
9770000,17.0625,16.3125,16.25,0.8419881029547437,1.1120119522273704,0.7006161338094603
9780000,18.0625,18.25,16,0.8618391396231052,1.128031117738417,0.68396098
9790000,16.8125,16.125,16,0.8560027224954533,1.1159759400858742,0.6873236450927181
9800000,17.1875,18,16.375,0.8243662665219854,1.1043279539543647,0.7029322053689958
9810000,15.875,15.25,14.75,0.8355779755121636,1.1188689896908979,0.6790196671182843
9820000,18.875,16.125,14.8125,0.9091770506798149,1.083669681428918,0.6875457142586917
9830000,17.8125,16.8125,16,0.9160231544782694,1.0616354663940555,0.692011062
9840000,18.625,15.0625,16.125,0.9633551582462365,1.0869276139334263,0.6986234412355276
9850000,15.9375,17.5,16.375,0.9500855413696332,1.1036874095451492,0.7073638988137012
9860000,17.375,16.3125,15.25,0.9514621234783246,1.1030525988906952,0.7057211808197086
9870000,17.125,17.6875,13.125,0.9480702003992884,1.0814964256427926,0.8307142751251142
9880000,17.125,17.4375,16.6875,0.9400014520654463,1.0502056619878033,0.8420094328792069
9890000,17,17.5,14.4375,0.9396861483875105,1.0551022891251902,0.8491697474931403
9900000,16.0625,18.6875,16.1875,0.9524926652205461,1.123812032412617,0.858202897
9910000,15.375,17.9375,14.875,0.9593689743904985,1.127001731275877,0.8656520364880766
9920000,17.8125,16.4375,16.4375,0.9635159401660737,1.1040107784123074,0.8805779719339252
9930000,16.75,17.625,15.625,0.9600987923604754,1.1148891110263082,0.8214417343844893
9940000,16.3125,16.5,14.8125,0.967457193,1.1115515620068976,0.8325175604789603
9950000,16.25,15.375,15.1875,0.9339852697957762,1.0903837772129452,0.8259795864904548
9960000,18,16.9375,14.9375,0.9410039881675386,1.058549959728568,0.8204901114508316
9970000,16.3125,17.6875,15.625,0.9433581339902699,1.065854239,0.7933728966639911
9980000,18.625,18.125,16.5625,0.9950149633542897,1.049647587274527,0.8128149257047191
9990000,16.8125,15.4375,15.75,0.9850375780509606,1.0347847380121924,0.7965668070921683
10000000,17.125,16.5625,16.125,0.9854272222467351,1.0018840011319234,0.7951818134108718